date,commit,total_collabs
2015-05-13,c0a6b5506f89b0eea8840280dade54bd4cf01768,925
2015-05-14,72d0de0d637ef062fb974dba28581ffb78e2537e,925
2015-05-15,e37d4f7d0c263f099b849e40293267128ea88b92,927
2015-05-18,7e00664d58a65f17153b425e4926986944d6c205,925
2015-05-19,4994763c0574707c73eb2a129882c6e958eaf03e,926
2015-05-21,673b0ae42fbcbc8845f90675a2b4c3e34a41d230,927
2015-05-23,05eb544be1273c8946c045db2fc4bd410fe64b52,926
2015-05-27,9ef5e4a768d3c3e3e505fd649cc4e821e0cec02e,925
2015-05-28,172e5d85ba72a46a1161226f19e0d9db768a6711,926
2015-05-29,d3a839d783222c6a0dc28b281bf0392ad1488295,927
2015-05-31,91987130d7046ea6cf453b5358e322dab384a4b7,926
2015-06-01,392827eb9991b484fa6c9c83317e7459c87cde41,921
2015-06-02,504175bc19e4b9f999f675af2533c3f4050efdad,922
2015-06-03,0befeeee80edfb0726a508f5e00e6f456a8d4a26,923
2015-06-04,bd1f0cbe7112b113c910199517cd39416fc16a8e,926
2015-06-05,77c8a8e2b939a6f7627c2859b6403b1e11c4b9ba,929
2015-06-09,a2bd583cd9cde84d49228b39c7daecea1561f803,931
2015-06-11,e8e51346fdee5f3136447436dc0ae1a929cd9b13,932
2015-06-12,85730984c412939f453fcb9c1187df9097a8b53a,933
2015-06-13,e51c6d692ab8fa0ddd955eb8e49b01f1a859424c,922
2015-06-16,bcc2033dea8b60d1df2405873bd85b9cf3918e70,922
2015-06-17,f36eb7e508bc3209805463ea2f84adf2c435a3dd,923
2015-06-18,c1a219e8f09ce261b85607d668999790123ec2e5,924
2015-06-20,7c2aed6ae1305e4653af9f7a137a698b1cb428a7,925
2015-06-25,79af9b8801b2eda953ae609a903bcb10e6adc0c0,926
2015-06-26,70192addfd00af2410ef70add0a318d36d757b7d,925
2015-07-01,a559858d1baf8ca48074bd7e86f335513da6bcad,920
2015-07-02,c3e719f11302a12d92681447ecc77ddeb54aa721,923
2015-07-03,ed48cba492acc1106245b9c35bfd7ee9e0d8b1f5,925
2015-07-04,7a8e8fef7cad75781f42b02f96f7f36c44701851,925
2015-07-07,3e4a5fcd5073bfc50e3836134283e3635e1975b3,926
2015-07-08,d48afad0f3922e7fc9e18459f0d43798aa851e25,927
2015-07-09,d8216e44054b36f85e07e6c93f5ce2d3ee2bc49c,928
2015-07-10,f93ba4156a7b5c5274db961df16c9745f37d2da4,929
2015-07-11,a832df66e58c40670bf4e101631a6d634013ec78,929
2015-07-14,b4d9fd17cc249563094a7a5b293f12f667c490d6,930
2015-07-17,5ea0559186f5ae5c9e9895d41fa4195fe14f99fa,932
2015-07-18,bae5a338e188b60640eea641f6b8558d12dd4082,931
2015-07-21,a920d029f463a245a86e1cb94b059c0ad31a7ffb,929
2015-07-22,6b6ed22ce7f1d40b37298aaff753861b9cde20fd,930
2015-07-23,8e8c60223726a665dc42d426b71b0536884f49b9,932
2015-07-24,8550407dd65d3347347bde57c341b3c5fa747255,932
2015-07-25,c8f1dbcf2694c725b918c56856ecfa8d03849d2f,933
2015-07-27,c7459f0f4160b974870e3afe4768b1cd0faeb444,932
2015-07-29,1d25a51a430b41ce77271e526e6ed897a605eb6d,933
2015-07-30,1c0f1a4bbf021a9c5181d1c4ee9d28ed369d30b0,934
2015-07-31,3e673ebcd3e91823a7e52f0277f22f797f3435dd,934
2015-08-01,8f6f9b138d6d113123b7a2c22d800df719ab05dc,927
2015-08-02,9004256005cc5c72b18e7e5746b8cf645022d1c5,930
2015-08-04,53f2711721af4f9f71c9b45718b2d076d073385e,931
2015-08-13,4ff30f6a8d75eb652088f6f5f3940d6d0d103afa,932
2015-08-15,6c8dd75cd0730ac45f4aabca1a51fc9232b92f52,931
2015-08-19,dbe21095ffc8f748f3cbbe50fa2e3b02df529a90,931
2015-08-21,db5969d34911b0c77771150a552e14af3d259a2a,930
2015-08-24,a56137c6bcf0b994db0bee8336784ae863d83514,929
2015-08-27,8c8ecf42de87a99fd30c85d0f3a14bcebb37543d,930
2015-09-01,0e54398be6c63cec578ff5c9aa9ce18b6adf7ff1,919
2015-09-02,b6fa882076d4b0b1b0cae5f378fef4b35b98b631,926
2015-09-03,fe1495108416d3e42121d89192f1f650b3d62cd8,928
2015-09-04,8dd62958c1f5695a3023ab636386b9655362f1db,929
2015-09-05,7de9e8481a775246f397b066d72d30fa3b63235e,930
2015-09-06,be31e5b91281d58fc783afafedeaafc987316461,929
2015-09-08,07cb4e5826434a37b0fccc31de3b798d5ace3ca6,928
2015-09-09,a73e75fa6d359fbacb8c0e1d81f40ea0abdb0e4a,930
2015-09-12,e52e8e88483eedfc55ee89542ec306a84ac1e43e,928
2015-09-15,25790b6bc559ebda384a3a775ba6fda1abd94cec,930
2015-09-16,105a6a28cfb3348f4073f4ef94ced290e96d6eb0,932
2015-09-18,5a5dedc7c27f82dc6b300dff21681b7f3efbb378,933
2015-09-20,1fc77612c8df008a69508f6b1d67c0b1e87f5a90,934
2015-09-23,e2882528edbef4601669f07657172e3847724645,931
2015-09-26,b812d75c2fafc4af81a2c216bc252385665bd909,932
2015-10-01,b7bc12ab5a1bb0301fec652f4b09821bec347b7a,925
2015-10-02,09c3fc20885f3d69c9668fe487d922ff09edc7f1,931
2015-10-06,0c5e0a1c7d0400aebd60f561fc9662779d6333c2,932
2015-10-07,0af540927ef36946af1414ad6bf0c0d0e4a1b83f,931
2015-10-10,692d6e99b46dc14cd9210c0757d66371acb602b8,930
2015-10-12,58b6d0c73b482c6102a47f12d59d6715ca66c807,929
2015-10-13,9abd40f72ce10862412409f778d491bfe1453745,930
2015-10-14,742baf09f2a2e912b3f3281a71057a755cfd89e1,929
2015-10-15,6d0a6aaf9d23cdc412a0100ca0355b34c1db7bbc,928
2015-10-16,86b39f860ecbe7ce08ac3027e82c51a38dd67f1e,929
2015-10-19,98a9d38fece924127e7d60f06b84aef719f5a401,928
2015-10-21,5d9281b89cd003c86e87fe4a163a922ee298ea4c,930
2015-10-24,bb7c7f4be433c3d1d8b3de8e0563f44a409d92fa,932
2015-10-25,54ec6fa9c5b4c2f6fa9871a4dada1b89570da8dc,933
2015-10-27,b429c9d62f953f02ba44ac5b2290e5ad3e43fac4,936
2015-10-29,49400e627fe1463f0b042c9ccfd93936cfd1bcea,937
2015-10-31,682f2caf8b0846e37f7d80fdabe988cbf53ec976,937
2015-11-01,e8a426b24143d2ef028e59e53c6427015c175e6b,937
2015-11-02,b1158ba76dffe690b217611ad702fd6358b87ba9,938
2015-11-03,d75fb197faf8c0012bc6a53dccebeca4b956bce3,941
2015-11-04,6db10e7895d64c51f01f081561f000b31d91b436,940
2015-11-06,6e5f7aaded258f235f69966eaeb478cc0ec25e93,941
2015-11-07,abaac58066acfb3259bc93a9268db178e465fad1,942
2015-11-11,ce96548fec07a5a829f80642974e45d47ca42130,946
2015-11-13,ed6e987f04704a5817146ba48f86c850008defe9,949
2015-11-16,9d892a8b5303c398a987913439fac2426e7ee20a,948
2015-11-17,c92ed0f5eb3f30122977cfae95b0a38381f620d7,948
2015-11-19,63bea08432bdd84a65eecd0499b188159e4c01dd,949
2015-11-20,1c9c2439554a18a44432a7444b5f7c1e6251c468,950
2015-11-21,90eda3a50a85f0ccd8868bfdb1d4cfc076ecb9e1,951
2015-11-26,58f576b333da92feab6964c5e07d573acc9c05d7,952
2015-11-27,fb57494f8c94c46bf3572758bd205c200567b207,955
2015-11-30,962b20e41fb33306ed4d6af01f1d1c5b42ece683,953
2015-12-01,1753ba78f353f97008bfa270f32da407df5a03a1,949
2015-12-02,5ec74175f6bd9d2ef7e11d0d9bcd7533f9d9d2fc,948
2015-12-03,5f2b88e13c03ce6f94a9a63f08cbf6ec550639f3,949
2015-12-04,47f53dc2f7ab9ee8814894eabfff3b0f0f93c733,951
2015-12-08,574b3afec5004b3b556a8fcde3527a072eae9e74,952
2015-12-09,db2eae38df7f807da7601e47da160798f39d7b08,953
2015-12-10,834e7a6fb881e8481f69769603aa18c74d80f188,954
2015-12-11,435d6710087a3383b9d646466b8b28b9dfef0da3,955
2015-12-16,91bfc51db22617caf356e0d99cb6b06890219513,953
2015-12-21,b0d7ac1e1691a83008028a9a8069a314fc79ffd3,952
2015-12-22,d28d33e19e7dfec7dbb39325dc5439d180d998ab,952
2015-12-25,d5229cd4f4a2dfb7a6aa03feb55faff73fec9452,951
2015-12-26,a42ac6f1c77de9d6355867e6b83572ce0e949da1,952
2015-12-30,df3fdeb357f6a3cbc2c4052944733f422fa42d74,952
2016-01-01,f376aa4d8115a27a32222c53be0ae9b82396b326,938
2016-01-02,878a9b3d9953135e83eaaeec5b6ceb6fd2221d39,941
2016-01-05,63e71ac1a127d6dc3f00597b06ffba64e455aff9,943
2016-01-06,5386733765a0ef0e674a0146302a5b03ff4f2857,941
2016-01-07,74c212389449ae21f37a0567875b38b41c716cd6,941
2016-01-08,4d9b395841f77f673aa919c44752a837baafb3e3,940
2016-01-09,0be3c2ce79203e588474cc3e6aba2bbada19daba,939
2016-01-12,b226ca81f8339907d77d3c98570b1ac86f362f68,939
2016-01-13,5c40c63743e73c6b3e30ed5dfc118e728e5e601d,936
2016-01-14,75c532b2069cdbe3305201bd180df87f211a101e,937
2016-01-15,cc22c5805afb9c11a5964e784efbf648d13a2117,940
2016-01-16,032ece2af21e8142543723ce2102e5ebe2da8fbc,937
2016-01-19,75f113a096693f101ee7da6050e4c5f5536463ff,939
2016-01-20,383399ef5d52de24788816d117826d9267192e76,941
2016-01-21,743ccca073e29a6c99d5967265c7217862ef2c0a,942
2016-01-23,7c66c6650e65f4cce5b6b1bbd87ce4050fca115b,943
2016-01-27,65083e4c48b167997fff89bb25c0cc60ff3c84a0,943
2016-01-28,66d29eeaf2bb1ab2dd4d41b89d5e8cf502888ebc,944
2016-01-30,ee9e397de6672deda943a633eae4eaecd1fba70f,943
2016-02-01,aa17be040dd015a58bac8c0e8bd388b1de548e05,938
2016-02-02,48902f7503d06ca0737c4f3d7723d9ce15164c87,939
2016-02-03,6b477f22b2f050edcf3149ea03db2561d297c32b,940
2016-02-04,5ae5fa7d2efa80e4cca9b8b48a79762bbd182629,941
2016-02-05,071ec04c64ca70553acc5ecc5a66fd3da209d8e2,940
2016-02-06,e9f4a42a29085c98b1d3d8d16e87d8cafb67f837,939
2016-02-10,539a0416a9ff025b53ad0b3bec70dbc62f6b83ad,940
2016-02-11,35cf454d58cf14cf3aa3605b398a06ab6228e242,941
2016-02-13,64fdca13cd7b4303d50a397755d1d6a0b6cdcc81,940
2016-02-14,828b742bb6d2de253422360e1184936d1ff848b5,941
2016-02-16,dd2bd4c4ccca590c5ee522c06562d61fbedc5638,944
2016-02-17,c1a90ab57c5bb331de303b27d19d17a02f6f84b3,946
2016-02-18,73e916dbb3441e88b5b628b5ac83a79ab79ab376,948
2016-02-19,91be784810ebb5e58c4bcf0b17401e833a6757d3,949
2016-02-20,455f63b9f34a717896243ead48ede8baa4f95807,951
2016-02-21,04b65851c367cbc471f80fdd6aefd2a0c86d7649,950
2016-02-22,020474d03117af0735b95f364c28e487867d71d2,951
2016-02-26,0de76c8424c241491980b92c9d692bc410172b8e,950
2016-02-27,2db292454770fda452f2f3e925192d08b3f76304,949
2016-03-01,c15f296b4889f9a5bdf7b7aed497f9be2ccff657,947
2016-03-02,f50518c765b443ea49bebab030c927f0531365f7,951
2016-03-03,36211153bba07bfe4dc732fd4a1f7a236d023fd4,953
2016-03-08,3e53657774b891bfc42665c642ac9b0806111fc7,951
2016-03-09,75ab9041877d90049bea626df8c67bedb92b861d,952
2016-03-10,be90939c591aa94b0268c35b7785b760954ae2bd,953
2016-03-12,6ebcf2eb85e9005d59c4db01d0ccfe2d0e2a738e,951
2016-03-16,f1a1d3f33108fb73257741d9eec6307204993a6a,949
2016-03-19,0d158fc822e325d37b9a98fdb72d75448f7438d1,950
2016-03-22,d364a3d23ed0f57ba5b79ab3f29cc8362e3f6dcf,951
2016-03-23,0346c1f2e059055bd3487160ceb9045a99e6152d,953
2016-03-24,e405c6cf9a3a3fe36d59342c07db35a5b55cfe66,954
2016-03-25,34639ce389be55edc316a2bac6b5f71a56776009,955
2016-04-01,1509250befe4d4ee0739da3e67b0ef4f2375333a,950
2016-04-04,8658285bf7cfb908dde531c76967ac4c6231fcd0,949
2016-04-05,e800dd780a545eb927c9a2ee02466f123df45274,949
2016-04-06,293bb5bdd3444ebbffe73b2ba74fbaada91922be,951
2016-04-07,236510a4d13f4b03c63ec3df6602c48ffeed00ab,950
2016-04-08,309c3120cf5dd7460b0e5d6103b8678a18fb8317,950
2016-04-09,341064c6e2d78b20bbe6ba1be4dceb40eb7a7b78,949
2016-04-10,23109011c08adc268354431673524bcf2ecbb762,950
2016-04-12,2fe65ea5a6555a44c10ca5ef726cf87d737bb871,952
2016-04-14,d214b2e8493118c70a19bc58efe4baae1dcd6c9a,954
2016-04-16,88295d56163e164c2fa0ca7589d7777d1d46fba9,955
2016-04-17,f788032b08cd7aca9676fb1b504f10c30bcc0b93,956
2016-04-19,8152ceb444a0e4662c1c89115fe22b596912c9f9,958
2016-04-21,ac26faa8c64d618ce161c7610d77ad1b095cb400,959
2016-04-28,60c8cbefdbc20af2c30c0ee38223e03df17b3bdd,960
2016-05-01,f32ab1271fba1bbd8846f6064d7079db9ec11f8a,957
2016-05-02,a4a18bcd7d810504dc31dc779f093da953b731c3,958
2016-05-03,ab51b1202807237cc438ab1d8828056a17797a4f,957
2016-05-04,a6d96ed6b8a076cc305c1fab6c55639a796fd0f6,958
2016-05-05,6fc27ba43b67fb56e82727e7f31357f25874f92e,959
2016-05-10,3b85477b7c01751621b6052a57b64b02bdecbdc8,961
2016-05-11,c743c38b9d4764e011065ec036ec5140c3ff65d5,962
2016-05-12,c1e32f98236143ddb3438c5ee29bd1470720ab3c,962
2016-05-13,29addbd56f3a8f1ce1f05c9edf1d27e2b0deec80,961
2016-05-14,c0203312ccf2921fc6a57ec7a04077ed920699f8,960
2016-05-16,fb7ffbc843147e25ccc8c367ddb5322fef2b7c22,959
2016-05-20,b1e7d89c858ee09aaddfb30d42c9dbc81551202b,958
2016-05-21,bf222a799667f5296294c8e4ec905baad8a9825c,956
2016-05-23,92b290e48fe4f860a73c4c62982ef623770ffed2,953
2016-05-25,327df3fb610cdf2d5779afe07130814e8a8ff0f7,954
2016-05-26,91c8b693124193affe2e08c6202e71825222c5de,955
2016-05-27,352e50a2d7b676410d7c06f576231ecce0c86e6f,957
2016-05-31,82d5c5ac5455f015f6c12b676d215b42dca53a06,958
2016-06-01,10bc6392043db0bc8e9db4cbee184489ab7c2a0b,953
2016-06-02,bd7663c0129710a77be6b8e3c034e08554dfef26,956
2016-06-03,1cfeb41b5ef3183d020349af4c29185d17acb43b,958
2016-06-09,b812935f594021d67f515206db204d6d4a5882f0,959
2016-06-10,cb492bf9560aaed7534ac7ac6f387c353075b5ff,961
2016-06-14,8437686701434e725349cb91e8acf5daff5372f4,964
2016-06-16,183e4dc8374a8bdf24186fbcebb016e17e73bff0,962
2016-06-17,50278f786d661a81830c2c01f5a9688fac0c3311,963
2016-06-18,65c054a41aa74d121988cb03cae5c49bb2ea2256,964
2016-06-22,8cadcfd89b7b398b22c2a5e7e712ea53eb5ba56f,964
2016-06-23,3c89bce044615e183bb91d70ea33fda6b9af82f7,967
2016-06-25,d8c16067cb9b677b9b0034e1959b48acebce4004,967
2016-06-28,cc05c39949f25ff3177fd9d7485b80a97e614624,968
2016-06-29,db99f7d26a6ac599199fc9cbe19bb0ddf569855f,967
2016-06-30,12bde312229ef129c2cadf6c1c3fa8416191dcd2,966
2016-07-01,63170c0a28994ed340ce7e5cc0e8807b3fe5913a,961
2016-07-02,2f0d29b0efea303eb75ee40a336a21cb8a729c72,962
2016-07-05,1bf1adbb56e190e5a82a4b7d00c51ba48e8b2130,963
2016-07-06,67d3fcdfcf961eb61577e8b235e915f0eeb4402e,962
2016-07-07,115926e66fe374664c5b207a3adc910ec0a93a95,963
2016-07-08,733d0caa17d96535f2b63a9444a2ac6d6b5237de,964
2016-07-09,4485ded63107c4771bfdb55c87e7798ec2534346,965
2016-07-11,304b85717d04a5ddc7c09dca261259c080d93274,964
2016-07-12,ef90b14a827cf5cb3ec87bf859558c39e0910e05,965
2016-07-13,e1560fd6b52e389b922128a987f990958d072cc2,965
2016-07-16,3860b64af0f856a5ddebd1b6bf7c550e2bf8be83,965
2016-07-18,9f9d5b5ab90a8441268d3bfc3cea2409357c7e19,964
2016-07-20,c7cfeb5b2bf6ecf9d22d8ec9dc7701f60352b5f3,968
2016-07-21,7880581d66adfdd3e9216f0d3f36a2a65ce6a1db,967
2016-07-22,b935ed8411e665d389e788455e6ef266772c71a2,968
2016-07-26,d80c8ba3ae11f5eed84883cf98ec7a85f6726847,967
2016-07-30,bd60decf655c85149f0d4ef3c73fdde524d7050f,964
2016-08-04,3b434abdcc6f619ad6e519e4f0189aebf4c7461f,959
2016-08-17,de3c44ee4af8ece392d53cd0d6453e3b6dd257c1,960
2016-08-19,86035f2c286bab706d4477bd6779dd29af2ec77a,955
2016-08-21,10eb9951991ae7f8b21c307043b164a359b6185a,956
2016-08-23,c77fd141ea5d81b77928d7c69a8db475a016653e,955
2016-08-24,45090c66ddd89e4747d7993a34ea98a1c311cf73,955
2016-08-25,9d59804678e95f4b2a90c96c29dc515e22c3e7e6,956
2016-08-28,c9b6f0098d7228d9eb5b0acf678d3bff50c41278,957
2016-08-29,09e94a4322535d029908fed54628e0e354a8cad9,956
2016-08-31,26d80739fe5aee0cde23365e831ce4cc5793e675,957
2016-09-01,50a39c7bd29506e6cfde629e9d98d06316452c48,942
2016-09-02,2b6aa4f8facc7b636dbb5727041094190a72e5a6,944
2016-09-06,eeee7c820f86c916dee8af75e82004928f28c204,947
2016-09-08,1252ff2d8966c4415cac73d99b934d9d7643c369,948
2016-09-09,abe7b76354a892c765c209dfaeaafe7c9e96ca40,947
2016-09-10,4e610122c2eaa08c53ee6a8fd6809bba4827b87a,947
2016-09-13,67a01890ee8c9f406b7ebff9c8dd9afbf8a5fe9f,948
2016-09-14,f20b97319db358eacb8b25d53151380c7e90f31d,946
2016-09-15,24579826eef49f36f0209330285c4614b631827f,944
2016-09-17,8c70335b3f32d893c452acdbb130ed5d11661123,944
2016-09-19,e2e996c2f7623912af6f591995eb39b7edbfada7,942
2016-09-20,9f6ec7c812bc83cf027b78afa9704f2fcbb19afe,945
2016-09-23,96f8fd80e0405ce6999ba3ef997f35e221b46cb9,946
2016-09-27,acc81a4750fce297afca9d972a28ac26fc5eb3c0,946
2016-09-28,488bd233f0510a1ff4dd072ae9d473e437707d9b,947
2016-10-02,a8a36ce46d9f8a43d78d0c7d300589ec00cb8e27,948
2016-10-03,845f25f53161373e4859620d3bbc03a92f80c9fb,947
2016-10-04,2fb96aa11179bc3e3406483c491ce6d06b1bfb2f,946
2016-10-05,d041d1f3f7cd6250495b06d4343f95df04f439a3,947
2016-10-06,ea9b90f0356cf70979ea6dd2929360ee9e01932a,945
2016-10-07,a6e2b702ebea27c5c6e7f4c1d92f30a7a9c3c6da,946
2016-10-10,9d014c1ebec6009dfb3ca10f02fda6eccbc00ca9,945
2016-10-12,d33c3eaf4b15af7ceef93936e84ed51cd51638f2,944
2016-10-13,4bde700a910376a6d5008fb43faca5f9f4415b3a,943
2016-10-15,0bc004c75d94d5c5d7843d0504b3efc95136a7ae,942
2016-10-16,a6fa98e959e7d8af5ddd8b429faaacf2a26ccbd2,943
2016-10-19,20fc72f46a6c3b18aeee8dd270c59534cc51da17,943
2016-10-20,17aef15a8388ec70f677dfd5cb34cb4c7f575c94,946
2016-10-21,3383b73939ab611f8eeee0569a242c87dcb47c57,945
2016-10-22,5ac5af8dbafa42f6fa38a1cfd1c3de76d5797705,946
2016-10-25,413a442fe14b3a3b568580b13d7c7e58edbc1a88,947
2016-10-26,74e07ea47524b45a564e1754dd088a2d1417bd7e,948
2016-10-27,49975b80c878a869170773daa96e4d5f6d212e61,947
2016-11-01,7b61538107f74f99ec913108fc02f24ff791a40a,946
2016-11-02,d87be0324b511c0f760172b39ab8f49fffb6168d,948
2016-11-05,b49c900e7c02e2efe27a58d3f2877cd2ea0b43cd,949
2016-11-15,bbcddae9d76f5ec3ecd54555c4a90731e0156af6,947
2016-11-16,4d6e123fc989493e8ba183c16c8581634b47b62b,943
2016-11-18,381a55803487eab895575262438ba56eb8014864,941
2016-11-19,b3a30ec05c342def7eeb4148b7823b371746c27f,942
2016-11-23,da19f637a6eb07425f5abfc7debe767657f70c9f,943
2016-11-24,5687a2cfd4a915f2d43107ef8c86e10109afeb7a,942
2016-11-25,bdcc421ee1aac3004278e7eaea3ccd7c022728ea,944
2016-11-26,9d4166ea073d065364db5399ac275c407b5bd225,945
2016-12-01,9fe4ed5d7ec531664164e0e5b32e63c34eb94b5f,943
2016-12-02,9a415d253f8db278319ba51123c3b128720327a1,941
2016-12-06,03af7fb0b747a92c03c0a61f3b7846cc95e44fd6,942
2016-12-07,9f2329ad2539b4603b48f04e1173809600b93b74,941
2016-12-08,493e6b7c93ada44122abfb8d49fed48a8472da2e,942
2016-12-10,67570e642348d862d4086f35b8d60171fa9b6d58,941
2016-12-12,2ced5e282cfab4be216d1440129e4e3a906c71cd,940
2016-12-13,79bdc129ec3a885588ea390a46fe733f5c3320ef,936
2016-12-15,a4f70b282c0eb16400a7037f71f0a93c95bda813,937
2016-12-16,e78a7ac7b02457f7b7721c2e5dedb9d5b5b050c6,935
2016-12-22,8ca85903c08f39d2ff4d79304aa67d019575235b,936
2016-12-30,c8a086a2b3b2982fea8dc83b1f5774adbc9c0bbc,935
2017-01-02,5f7de10d168ba6d727a7d41871ca3c2b941b8725,926
2017-01-03,e29bf1a0dd164767dc26e6c06c9b9f679585cd1f,927
2017-01-04,ac882eb2fcf1dbd6642c1d0d1b7fd9abbed7125d,926
2017-01-05,b2ed986dd9d6514df6e360d6487a3e0b94d6fded,927
2017-01-06,95c79207a1d485d87587e45391177f78d32efb3b,928
2017-01-11,ffb3fb0a52eaebfe9afc4e390b74374e8f03c7e2,927
2017-01-12,6bdb3319daf61f96dd620fc5d0d97d58677d6d01,929
2017-01-13,6e14bad9b22a7126bca703de29139a8a4c2ba760,931
2017-01-14,eb0e1e85b9f966dd44f68ae4c7380ae94ceb5ef0,930
2017-01-16,fd6f76c41bed55b699cefc026b1a8229b4aec641,926
2017-01-18,328c574deb3ccc59b6a2fb98c9e3f0f32bc6c096,929
2017-01-19,abc9bbd1f0548b506a76fdbeb5c28b0b3183d5eb,931
2017-01-21,8565a86be26467fcb423e155a869353ff33c3fe4,932
2017-01-23,be513ee27ae6fcc87ec8e74cb4e6717230e31aad,930
2017-01-24,5e9254295d0a51faf799767cd423dafd51ffe3ed,931
2017-01-27,a68b80dd8c66c53f8ee9d2d59d6b21f39768646d,935
2017-02-01,1025cb894cee6fc0b770f6bc68a9cb5aadd1b55e,933
2017-02-04,c50b5af5284b7d41169fb1de061db89b0e01cee5,933
2017-02-07,574700d58b2ee18189dce9d3cc62316f4560fc10,933
2017-02-15,f0a4c6e2eedc9ac1ec829be459753d27e54b7f6c,934
2017-02-17,4014083483ed66d2592c5080fadd6cb0426e8c72,936
2017-02-18,3787d1cc79d610bf927aec1345ed96f634d40f14,935
2017-02-21,e82772f0db8bf35c32d715fc9621b0c8f7629af8,935
2017-02-22,344be1275cfedfad8e98bcd9aabdf109e4ed8851,934
2017-02-26,6a49eb50095e3c8a8882e0a340fbbe921e27463e,934
2017-02-28,ef1b283ea747d1570d392a909a73b2f6cdf43ac9,934
2017-03-01,d30274d64ad1e25cbaf31b210e2440a9a93a11f8,931
2017-03-03,6e1715890bf0347d9ffc69561596271d35fec2c8,933
2017-03-04,a5b1ec1bd911098a2c2bf15feb3b98dfaa7ee870,936
2017-03-08,1e3919a8000941d8db77624984e610c6196d12a4,935
2017-03-13,f3b23983fc44120f9a382fe00c26228507d193b2,934
2017-03-15,54c4194da3e33d9630fd48647de4535932cad4d3,934
2017-03-22,66186c90945e1c0dc659c9fbee2712fb1a267473,933
2017-03-24,a534a6a2e148562840b7c551007012715e013672,936
2017-03-31,b266580a92bfd3f17b6af4969a09c5ff37b362ff,936
2017-04-01,9a33ed5470337b65bad92e964c8846a828059190,929
2017-04-02,29d4ab30651332e8bfb6683918ed7a1a74a73300,930
2017-04-09,5d94e7cc7bd1cb64713c2881016e4c6a2f6deab9,929
2017-04-11,e8889b1f8a10cbe881a60be51178cef73dba127c,929
2017-04-13,07bce1682cd2eec4cea5c8fafe7b5966e4aaee0f,930
2017-04-19,f8602a75eef87940d7c5b44e4eb96f80c08742b9,930
2017-04-24,5273f2f4ae12e3b231a09d0a059baee1d367e048,933
2017-04-27,6ae9cb13caa621cf0cd89544ff69cc744b326719,934
2017-05-01,05e64101009c85451a378a027fdcae753045e5b9,931
2017-05-09,6fb45944aa1dd06dbdf2ad3fbe12539fd5706040,931
2017-05-13,a5cf191351de471483696ca53d8c2756c073c169,929
2017-05-15,6b369c7c2f32688036df906dba149b587959cf94,927
2017-05-16,f397dac8a5c549ba6f04ac57988dedc8406d48f9,924
2017-05-17,e273e96ebe3f0d4b6f14092980ee5bb10f1e8c74,922
2017-05-19,a5a15234cfce2aa1942968b81de2243a2c43a478,921
2017-05-21,ec817b5332c312b5aa4585e087e9eb56ab559500,920
2017-05-23,baba6611b77538e67ecde3811c0dec348b85779d,920
2017-06-05,059ba14f3e935c65ccb5f76eadf28485555763e0,913
2017-06-07,85330b715ea26f494a10946059cf913510da4384,910
2017-06-08,1037bcc9a50e7c6847d8c8d6fda904830ea4f74a,909
2017-06-09,3d220d8e454037a0ffdb3b2c87e9a9cd885ad705,910
2017-06-10,12191c39b187263825327c16ca269da1986b770c,909
2017-07-02,d35216ed983bcf0532a10e143723441e7cb4c932,876
2017-07-04,73e3b8a6a87332a9f1f3f0469d0f95d4609ca024,877
2017-07-10,925c96d3e54f81055354246a0ca7b65d8bf291ff,876
2017-07-11,53e08de0ebd542702a85fcbdd4fd7139e30d11a2,877
2017-07-22,9d9f955f1bdce2438dea7639e1d2db1a67582aad,872
2017-07-23,9257b57d2625cbcc225358f63abe1fc5d1628d9c,873
2017-07-25,cced9e9133b6184155351dbf7f838b02f9135759,874
2017-07-26,13b39475b70dd9c51a646b7046977d214fba8c56,873
2017-07-27,786343e622011322096861bc1d39298f1a2217f4,875
2017-07-29,9c2dae88c117e3fb243e8551f09604762b392b46,875
2017-08-01,c420a04006d7a739c76782915cab886885dab06d,869
2017-08-02,d197df648fe114c325170b373c41b9fd3538bcca,870
2017-08-05,32119ee73c894e2dbc4182bd61af1cd8cdb94a7f,871
2017-08-08,4503e62a251befd4b210bf7ad061ece8a49f537b,870
2017-08-11,f0c66db35879abc80f3b9ab40b9e110f75f7f73b,871
2017-08-12,7928496345cd7a13d9c5f7094bc48d2ea5afcd42,872
2017-08-16,0fb4defd8d30cbf09815865a0aca3ce557cccbe9,871
2017-08-17,aed625f9d2680259ae426134059e4cd8c4d8b3d3,871
2017-08-18,48b6ff9146bc163eba05d1b9345c46cf76771176,863
2017-08-19,9fd70e68813dda43b59b57fbd4c92f763a7ac48b,865
2017-08-22,354d3087fb1c78dbd3531fa5383008dce743e720,865
2017-08-24,473c79b0ee67ded17eaf779778a9e09e0cb1fa1b,866
2017-08-25,209433a835679ebd4843b5830392135ec9332104,866
2017-08-26,1efe7648dd0b7e9d8cd2f2d5a4989353e4a9d1dc,866
2017-08-28,b7174af5585a3d94fb4e832e81c9fbc024b42335,865
2017-08-29,a16d77917b98771552d59c606f6aace510f4e9fe,866
2017-08-30,327b3d4bb4eaa0ae0d711e30506dba99587be5c7,866
2017-09-01,a5013b09e166e0064afcec7f467f172d5f869ac9,847
2017-09-02,7e9f4408ef9100fb3c39909854c8554e40ba3b34,848
2017-09-05,7014780a63d943a84ffff0dd2696ae3a7413e709,848
2017-09-06,734db6691983d449b9e4f8f8239a2bd07b30cef5,848
2017-09-15,bb5e5ba633893fb5cc457a1a1d44a53166b3048e,844
2017-09-16,ed46a352ca38e63e17cdd01af82facdefedf185a,842
2017-09-18,8c353e5bf073521749bde408e39f9266af56678c,841
2017-09-19,34d71a9bc748e81feb335aa080ae4d47736ea306,841
2017-09-20,599785ca1aceb13b091ef1ca39234af7d8ca6b09,840
2017-09-21,24530a880e3545a050a9586c73a96660b44cfc30,841
2017-09-22,567232707e75ca010072d2837e006b41ea9a86a7,841
2017-09-23,f83ebbdda2f223a829356f33b69953ee42df1b80,837
2017-09-24,33656b048df2ce0acc9a44427cbbf511fddffe98,837
2017-09-25,8cba3d7d6d7aa916ade70af8afff3af8274ce4f1,830
2017-09-26,8e501c798c261c421c66059df3f440fbfcbf2b9a,828
2017-09-30,55b4205b2ca7472abc4bc16c73f6712ce4a7b83c,826
2017-10-01,7fd6211f71bd9fc84c239baeb9bd74f648e206fd,790
2017-10-02,9d1cfe67e9784a2ce82505c3b32f665943e054f9,452
2017-10-03,6c98900eda98eb8692536023924b38edf98dfc28,547
2017-10-04,6ea94eee2a724c769f92122fdb04318572545228,547
2017-10-05,ebee27a8bb695983e0a95280b1ba011f04292ef4,545
2017-10-09,2d75f3f7667e3ef1ed7cb828d041f97dfcc34b4c,548
2017-10-10,05f61650822f8dcb88172a4091f8fdd0fb2772a2,549
2017-10-11,8bc6888a497ce3dca90efc011e87946949985b7c,569
2017-10-12,ec1b5129588d087992d5170f4771189df53d1610,592
2017-10-13,02a1b884b101b932daaaea00749237a1b6e9ef04,603
2017-10-14,415028c828b6ba41182d95b0325e7dffe295d784,607
2017-10-15,712e40ac550a4affa3281a06ec958f390f017986,608
2017-10-17,63f80ed07cd8c0da125fc688267ae9580d07e42c,615
2017-10-18,233cfe40c1db4cb1a92fb2a9d9758f4b2cee4ab2,628
2017-10-19,a08f4568a30050aa9fd248dbfbd0b950bc7c325e,648
2017-10-20,6636862a66f2b13980cb31f1909bc689022df4ed,655
2017-10-21,101b6067fe98b3623120221ab46128157f3d1f54,664
2017-10-22,8556c18463b8a7a20b526efb084ac66090c11a08,665
2017-10-24,10e9df0f42ce070a62e443a89a8d6bc38ec5212b,670
2017-10-25,3b919d6c21c251fc5d8db895a1bd574363d8d151,688
2017-10-26,8d17ec5371f5b95ea6435d3c5a53cf5bad5e6df4,702
2017-10-27,43d4acd16bd2fc4a507339939c6953a1073ad7a8,709
2017-10-28,ce2442226ae05865114a83e8e5e7b128c7784730,708
2017-10-31,3cfea073872c44be06b91b8566fef3a2bea84ef0,715
2017-11-01,2bee3f17ddf5c5e6a7fab2fd8b1d4ee6ed06b3b8,714
2017-11-02,b5e4f7ecd49a1c698d682524060bb6d9f04bdcf7,723
2017-11-03,590f8ea0e0e1f0cdaa07bff3432a341a7ae22d24,726
2017-11-04,50dd7adf7c4700a46cdc4dc26d38d01c44caef44,728
2017-11-06,0dc1a67c8532da20ccbb5159f211429cf8128f44,727
2017-11-07,4849e6d2b5ce6bbd5b38efcec1a00fa78673a177,733
2017-11-08,0bcca0ade33961698325e2b71b9e31042059607d,752
2017-11-09,0510ff9dc6a0d5e8279b77e4fd5bd3594be77786,761
2017-11-10,bf002b21f81244666d667e19ee4fb7f1fca3f943,773
2017-11-11,332ce1202cfb84dcadf4bb706d34075b294d83eb,777
2017-11-14,6c68349f13aa8545f5e23ff0c1656d87f449a98c,777
2017-11-15,b4c8d125aba3e132a9e23451cf042f6f16cb50b4,784
2017-11-16,12859ccb082bf7f0a14a9cc91460ab86223c4195,788
2017-11-17,4d40eac34ea66705791309eacfec8ea270905eb9,793
2017-11-18,f698ad6d5349b629fd3b7c8c0fea7c0fc04bec0f,798
2017-11-19,23ca62e1559158209502e970f8e4b87c4ee0c4ad,800
2017-11-20,9923b4354e8ff70f04901c1408fc0f09292d4f11,798
2017-11-21,c480005a08a77ef74563399d8fc864b1dc8ae528,807
2017-11-22,edf56c255b4bd6d3e5af8d662e21bb85ec7fd6ee,810
2017-11-23,dd48a76522518348be2c07f75253d79b4185fa1a,814
2017-11-24,f8c5fc3c3cb29a2d1e0a8b9ba4603a2976c2b0d2,815
2017-11-27,73721d55b3ffe7f052bfbaf11fcbb62cf7fa12c0,813
2017-11-28,f20b253d4710a141db5996e55aad61c72549ec4c,815
2017-11-29,f159e815a508fd7937690742e048111dcc2e3fc9,815
2017-11-30,aa2c9bd1248b7a8278d8294c269d8ef7e1be8ba4,817
2017-12-01,718ae7b5ce36b577c6986336255c6fc4621aee12,813
2017-12-02,84d7116553081f116bae346ebc42a597dcf1a09f,816
2017-12-05,92986e3b27c7e4be357a6695ab4fed9b6eff459c,819
2017-12-06,cc5ff10d7310d974343d9ac111ef61da9185bd9d,821
2017-12-07,aaea49421bc76034955d8075d21bbd59eea7f012,825
2017-12-08,44e69a5776c59e6104e7d64aed95384fa9a4b63a,826
2017-12-09,490467fdc590bcf44e3c73862c9dace2a3745608,827
2017-12-11,b5151bca07620f61060af0b1dde594b2ee5a79fe,825
2017-12-12,582c081634f135e53ee8fe6d4ec79fd0d1ef3595,826
2017-12-15,a50fc43d4b34b0e815f95e80a5e42b6acb8817ef,828
2017-12-16,46620ea6245f900945fed749a879c7e568090728,820
2017-12-19,0ba29b9c04439f31d22e6398d1dee121fa25aac5,821
2017-12-20,551c874acbed92d7398d3c76b78fef344220651c,822
2017-12-22,807f7f4cc97c7ae5c3d4118296fb0a734b469a81,826
2017-12-23,7ce75b39d97188df9da85a6c5500863b7b5e264b,827
2017-12-27,9808dfee6b62e8b77b65f8c80ad79bf00ea3a375,830
2017-12-28,9fde987b0a96bb7791fecdcd22b9cbb9fa91d65d,831
2017-12-29,07e8d9d048cdf11de3fb5c4c24458d052253e326,832
2018-01-01,3ea0c80261fce92274702c63f96a5cf75c7cd9bd,824
2018-01-02,390c16f53d5e83aa4de6fe197e7dd308fab2a643,826
2018-01-03,37c06572f8ddd90e5c245a4761120677aec5af5d,827
2018-01-04,45149011b6ec4af7291e79d1214633c23bd9c0e8,828
2018-01-05,6e449bd72188c75e28f3175c58af480768fc5443,827
2018-01-06,f4e533882651240bbdbe6e0a0f27228cab7b3c6d,830
2018-01-09,fabbab98e2edfb8e1b896e9fd7533b43063127da,834
2018-01-31,51c68dc077d9bffb9cfe355f0a27642982862b76,862
2018-02-01,d2b0882c47f16a14b13e8c567e66e9c6e328e9e6,857
2018-02-02,7c1056f74f5ad556775dbd1897e8c2b30e38c6b1,859
2018-02-03,9666c2d05392e3b9c01f6dc5df563098e35ee522,862
2018-02-06,41fc01d1cc3eb6194044e02b8cb8314d235010de,863
2018-02-07,1664fd739104817d758f2e70e402a86090739aae,868
2018-02-08,ab16054ecbe20377ebd2f3556e47770681f3e1d1,871
2018-02-09,229cbc2ed65f85cbfd5ffa712593f460601e650e,872
2018-02-13,26572994e76daa04b3cb914f02de19ab85118759,877
2018-02-14,56836bbd7893ab80cf7c71622f73708353ddee6d,877
2018-02-15,86c5c8b56b66f8196e22db194861853e3e892a8f,879
2018-02-16,2aa71b844e23666fbd38d35f7f8f940f0e5d53d8,880
2018-02-17,fa301cffa9634e3b50e7534bf5c5921351850234,879
2018-02-21,783ef1966b270ed96780af0a8e5df4d04ee76c22,881
2018-02-22,82b98fcde9c6ae72ae3263a9255e712ad360c558,883
2018-02-23,04566eb4e2078031ea4c3fe28d2f21c8a098117b,886
2018-02-24,f23d42c39f59baf1171809aac56e7c1dfb8c77e1,886
2018-02-25,53474814297d23d43f7ef7a11695028e9ffe8aeb,887
2018-02-26,e47bfee172f006efa25491f89f47925ab8909e0c,886
2018-02-28,05b463a153ab9f1353407335af7d2f7bcd43da62,884
2018-03-01,3f215617d5532719ce27929036991d4148910749,876
2018-03-02,e87d128f5ed215ed6bfc63c463aa8d6f21fb153c,877
2018-03-07,128250bf194784e85ff306516b90f95aeeb1ba40,881
2018-03-08,5014a095ce531f7b52efa9d2ae98b47d7d35e6a0,884
2018-03-09,ff34e93df79d4fdaf41a70830d2ad962c7ed01eb,885
2018-03-10,37c5305d86bcf3bfcf9c415754fe40b98f963b58,883
2018-03-12,31826353610098d8255ab254772279c00bf14f20,883
2018-03-13,517e0c1a33b2ee536f76a1ef3d18dd52deb25ac3,883
2018-03-14,fb8bc8c9eee7cf699778234c413277c3b4b09ce5,885
2018-03-15,0344cbf75157f7019b845ff5d493c175a93f2f4f,887
2018-03-16,d1759c6dbf903eb97c6793d037d28a4451a94697,876
2018-03-17,d14724684aa99c76a9ba8acc20bf675edfac6429,879
2018-03-20,b28a6646fec824863f23545ae471013dd61bb939,879
2018-03-21,cc0d4cee8e541c8bdf4d1dc340c9190816ff2698,882
2018-03-27,28bd2746dca9e76461ce80660cf59adc107d267f,883
2018-03-28,dd9a38d464112722d1a9ec509d458e41cab55e6e,884
2018-03-30,34a6ec90c75fddf6fb1f86a6bc6bf1474d3c6f9b,885
2018-04-01,1cfeba262499dfa47382d24c9319bfd5af1be53c,882
2018-04-04,3c58706f9f152face2a21df3550ef0c545eeb2fa,884
2018-04-05,0c4131d715523cdad44a0d3ca1806873eaa0cda3,884
2018-04-06,42cea0ac3f261d36952a3bbe73dc9887f5f19a49,886
2018-04-07,744e1e8ad9807ac5f3cafab95ace578fb94f18e9,884
2018-04-08,4ca49474ba131998dadec9d16002f9bf94e29552,885
2018-04-10,4cd71eb71baf3ec4b0a88c4766ed73b84b0796c9,888
2018-04-11,ee7231664702e3e917151d2dfd9b51597bd287ed,889
2018-04-12,2f68079adb62e084749310b27f0bf861e1fe781b,888
2018-04-14,7176c4e56c833954103521559850e3167557c5c4,886
2018-04-18,14a71ba08cdf9d9d0896ebe894724082e612d326,887
2018-04-19,21ac7fcb62e5c9ae1a3014c4ccae174f2aca1274,890
2018-04-20,952ec399dd87a25fedbc25e4599b1c6777ec1f43,888
2018-04-21,86aeca643030741a4ab412701ef991ecbe2189e1,891
2018-04-23,0919ad559e34f6b85a63a1d738e662ae87b3baa5,890
2018-04-24,bdf4ae08e459b0b16297b9c99127428e6da124fb,891
2018-04-25,368e671bc8268c4be933643150818aeb927c56d4,893
2018-04-26,3f770e8de180f536ba404f0aed45c71aaadbebe2,892
2018-04-30,bfb5ecad621942eb5c03cc85324470d36a049cff,892
2018-05-01,74c66373550ccafd60acfc29427bdf3404061f88,888
2018-05-03,674ea37ebf129b36aae24f3b6bb997062c75ecd8,889
2018-05-04,7d007a32bb3e413057e044ef5ff285c9e1b9569b,891
2018-05-07,716a5ad11d50a21620148398a3b965294e387b8b,890
2018-05-08,021466b27471205e35178ace1a8368c878702d5e,891
2018-05-10,ad9bdd4cbba26614983a89890ad65fc8dd1df241,893
2018-05-15,7a60ce7f5173d7c8e21b4bf97fe5b769b3820773,895
2018-05-16,86a6e0a354d166c2e793ba0c8dda71f34937b9ca,896
2018-05-17,f0789257dbe6a6d6db8831b287ed33842b972a4d,898
2018-05-18,9756e5dcb63c12874b758e82c08c7921cca51084,898
2018-05-23,b2ff446fe0769b36733341c4a23975d347c35f42,900
2018-05-24,75114ddef86d805d73be21cc23c6f8bab20473e5,904
2018-05-25,06aa05ab704ea473044c596d9ac4c63810d5e737,904
2018-05-26,d72488f1ab302ccc86a3d40201921b9fda23fca7,903
2018-05-29,2f3ceff19a225c5c7e311c8ad510554a6a5fac8d,904
2018-05-30,65671844ac0b48e23dd8081cd47171166580c2cd,905
2018-05-31,fdad3bcaf9b0aaa1fc58b92a6179930a4c862b63,904
2018-06-01,b933ae2d8c3b4d2038412d203b646e562b297b4c,895
2018-06-02,fbfbc359b78f0f325340d3d17e6ecb9bad028a74,898
2018-06-04,25894c45e860d053c431817398128d07e78d68b7,897
2018-06-05,ebbc025c93804e12912e17dbe4065d908827dd55,898
2018-06-06,455a8926950934d336517bccf58589d289eb8c0f,898
2018-06-07,ce7c7d46f96c2179f33f2265df896e3bfab2cd6c,900
2018-06-08,6a2c591aaa0d660e04a68f888d75cfda305e5094,902
2018-06-09,b762bb0b3ce353358a08b9fe3f8504756f0ddb36,900
2018-06-10,dc03894f7953bf18e70de8b3d1e498ca119db09d,901
2018-06-11,b1d738c8bfe89791efe54a44821a85b66e8df172,900
2018-06-12,78bc860b7dbab3b9711d788eb30d555b0c178208,899
2018-06-13,1cc18c35ba4ee121426e39b5e2413375e37eee4b,901
2018-06-14,9eb1320ffc56846058804b1ff7f0b90441695877,900
2018-06-15,98dffb7e10f207bcad83c98b503e50dcddbf2169,899
2018-06-16,81b8f79b021106d2292991e7b04d55d24f74c85d,900
2018-06-18,83ab2aa96c91362bc3d2d8c387b295b2eb1abccf,899
2018-06-19,7ca334ac27de7121c96d834ccd13e3d1b44f06bd,900
2018-06-20,8e212f0134e4da160b6650d6b7469785672817d2,901
2018-06-21,f6448f8972e030b4f125f7cefe430c2fbb9ac495,901
2018-06-22,e22342b6c8c7b611375f42d7f72e6b2a8c5f0dc3,902
2018-06-26,c579121dd0adb0167c1e982138e53d3e6f3ede6e,901
2018-06-27,ef96eb7ed17ef330afcea77ec768cf4b8749a41b,901
2018-07-03,1d8f02216571954e54b81d6cfe5e18c9eea0b982,898
2018-07-04,84d4c4ac4b8eda3c55fbd0406221befda6935d43,898
2018-07-05,0d91ad7f9bf6bf221850fd4c5a1e160ae7baded5,900
2018-07-07,0479c2c2271cbb82529d9511ae077f8a9b93cd95,903
2018-07-11,a1e741cdc49a9721b3fe5f5a10c8dfc555c5ef1b,904
2018-07-12,054294ad7e635a8fa58b08a0d2a9f49b9a8e2c66,907
2018-07-13,3c96c9625a7870f9a8401d479e9ce44a06d828cc,908
2018-07-18,2d6dee53ba8edd6a5f856acd42eb8516eeaf650e,914
2018-07-19,e90f64d2cfb1bc984085c00a48f3dfee8a4776e3,903
2018-07-20,7f7177fcf07f4e28b0d52d68a708a4a2bb9cc540,902
2018-07-21,c2897fbe4a4530563eba25dd801cb061d1fe7910,905
2018-07-24,bfda48a330bae0728da45774f94420d96968d884,906
2018-07-25,820071ee1016659f9f68babfc3b20859ad7af985,908
2018-07-26,2f1e3a740c65494d9bc1f61c488c1ad5db4e7f2b,908
2018-07-27,ca89d5af53e65e2d3785473e34f852e377eb6605,907
2018-07-28,b84d063d1ce7e20429c148e635ecefe9921cafff,906
2018-07-31,981315e5694666f6eaec71950872b061dbab9b9d,903
2018-08-01,b07f39127bfa16f50d58d4c66cd9dbc0a12370d7,896
2018-08-02,bfcfdc59b70223e97fddb2df26d4c3e777e9377b,898
2018-08-04,1959fe91c3417532663c131b795ca5a067191bc9,897
2018-08-05,6ef26d2ad5a47ea7ce53ce9f5a6c554d0b103785,897
2018-08-06,c77ee973bf92dc2c428572d1220a7299eee972dd,896
2018-08-07,036d11722b994fa75349fa14966ff78763fe0aa7,895
2018-08-08,5bdefd168b980b5e1fcb929e3bc3592c2f89e2d4,895
2018-08-10,e365f48d7fb8cde743a92cdd0f7c77bd9a5e7af1,895
2018-08-11,c33c7f58b25fd9d39c414918a71dfb69d098fc80,894
2018-08-16,bb274932859696a7c3dba3f8cd5fe29b83ab21b2,893
2018-08-17,e7aca27d50a9b2cf50eee4cac2d99f5c999e86ba,894
2018-08-18,2d3d45e2bd6aadc1ed4482e9e9869d348ad1da1d,893
2018-08-19,6f1942fa3ca36b1f3370545d9e4858e757983342,892
2018-08-21,31e1174c443be284c0e2bfeb45c8cd2d7fc89ee2,891
2018-08-22,6364ab9063c6e6820ca58ceeadbee9328963de56,890
2018-08-25,60b9a79836f97420eb4b55401a8bb7907052477f,889
2018-08-27,3ff64b14f9f5fbb4cac33f52df2e2f78a699d038,888
2018-08-29,827dadfe22419109dcdbd162eda182908d1aa8a2,886
2018-08-31,2fadd936270bfc9b893d25e75da173bbd8d2de16,884
2018-09-01,13964f2be33b1391fb3f17ba0a6ccdd7e94fc644,882
2018-09-02,349a27c694813747f95a69c82c4219191b8caacd,887
2018-09-04,c46133361bbaa4d74378dd38fe029c798e8b7c9c,892
2018-09-05,a96a0b2acb167cd5f8c5153e696c3da235d7f18c,893
2018-09-06,8ffbd950f1ef6d6e386d5cf17d4df76ded3e1517,893
2018-09-07,0d7e335d9ddd534519f4129f863f94fa4751385e,894
2018-09-09,ebb1969a4674c192f29bf050a3d43ab34a591e45,893
2018-09-11,66bdbd8ba18a8037513841c9bc589aaa3ad987df,895
2018-09-12,700d9187c47bd22eabfc91eabe15f62bee3ccc1c,898
2018-09-14,fae3a61118c3766e3c1737bdf7b98b3df226d78a,900
2018-09-15,a5780c99da8f86867f269b81fa53bf26726c89b1,899
2018-09-16,b12f17ca05030af75feafac5f9f131c10438c6c4,900
2018-09-17,b0a3a941c634bf999ae47c1f64b7a5995f314326,899
2018-09-18,c8e99ecc47910d423a633788949c93f09b4364f7,900
2018-09-19,8293169d561ad143047eb1f4a20087de202f9aa3,900
2018-09-20,53f2b927400ec17865973ef62df3181230c06f5d,904
2018-09-21,60ff57364ded01bae629326716cc66c4b1c27f50,904
2018-09-24,fdaff1cb273cb4e3c6952e4adc08bcf4abe9e172,901
2018-09-25,bca1139628ca8e3a5cee060a4f42b403dfc1d784,902
2018-09-26,30634ca0cd420ca50f8c22cdf79be443683d12fa,903
2018-09-27,0ac48db4dc7dc5d645a1db2da43f201fc671a664,904
2018-10-01,6156bb8426b8defce5dab72a1cd5991d33c9bfc3,900
2018-10-02,0cc4e5ca33c0984cfa8ad0256317990941f8e65e,902
2018-10-03,1b0e596b56856784b7bb63566b2724924c1a52e9,904
2018-10-04,fd167a8f60a1ab477de231aa3802a6ec1ca2815d,905
2018-10-05,eea5418bdf8402faeb6fe2aabedd2d219272b224,906
2018-10-06,67275fd34e0e5913f1fa56236bbe41d4f55a95cb,907
2018-10-08,074a7fb443f3508b51d18ebcbb0a1bcc796b0a6a,906
2018-10-09,da37dd19441704c53eefd6a030a212c8c0f5a98a,907
2018-10-10,5c8b96ce5e865052f48fba7b28c55b4d62b74017,908
2018-10-11,2368f302cd4cd3a50cea0277d5c0a8db011d9362,909
2018-10-12,d78777bb87970ec2212d7b7df184ad551f4028d9,909
2018-10-15,05fa7cbd25b11a591425f6e56f753277f7f71a5e,908
2018-10-17,d0d2de5478a19b95137d3c5b861f77d5b895ae97,910
2018-10-18,7b9ea500eacd0d7c31c5f27a8023c99ec7e0357a,911
2018-10-19,03cfbe821fbf262a91747bce0a3995930f5cdde9,913
2018-10-20,397456e902f3aad04cabcfc7f4bd80cc81419837,910
2018-10-23,b46da4a623aa70aa972f268a6e9664b57aaaba06,910
2018-10-26,4d24281004934702e1664e8173cd7aa0da7c46d3,911
2018-10-30,efaf67374a33438d211b8e35d1b03ef555d69f98,912
2018-11-01,5668d53cadd121e009161daaccbdf92f0c002553,907
2018-11-02,1eec07f78de786ef8238f287643a8f806ebe2341,909
2018-11-04,2d0101dd511599239fd553015065b4b23f9dfc75,908
2018-11-06,c4a7f5924d3295087ffb8a48718b29a0595041e9,906
2018-11-07,01d07a3079d63af98742b2e33af45a65c838a4b2,908
2018-11-08,c745ca1e5b13ad901bdd3141a5c7b46a8a610e8b,910
2018-11-09,08edf6f0447c1a20aa3549d15b55ed329d19e755,909
2018-11-10,9695160d0e268864d622c8d2bcbb7fe734e20683,909
2018-11-12,45d19e9458ef1f8b02810e328a0d1cdb58a7a27f,910
2018-11-14,c7f43180d4ea197943369ee49888a914bf75eff8,911
2018-11-15,e4e414feee4606ff2bc93ce5ab9f1c7c6d9f4a8b,912
2018-11-17,1cd0544880d7023e15e9a0e34b7191d9d3277655,912
2018-11-18,17628c0f52ae11156a3b3681412b91c59ae21f97,910
2018-11-20,aa7c27183f52c1c51d8170170ebbe02effae1d11,908
2018-11-21,e782dd3ad1e4a48d94ef1597144c85236bb16ce4,909
2018-11-22,f344c972e779e84e8fb84c03bbc361c13c21af89,910
2018-11-28,ed5a06fa35b9c31f0ae587800f04829901a7bba5,911
2018-11-30,a70c73b5f67e5c9546031fa5c00d2b2054caffad,912
2018-12-01,465c425f6e993819521c8f779fb6445589a5d44d,909
2018-12-02,b5b8adb1ba18e1ec388ac86097d6446fd9e5dab9,910
2018-12-04,59bcf0cbc8bc6322272d80567c2baf6c87fe1fc1,911
2018-12-05,3937d84cea657b4172c2c010b1ad285648862513,918
2018-12-06,ec0e277f3976414a4ad2929c192122c2f2ec263b,921
2018-12-08,61926356fd2d1353d560a28c0a42c3f1f5861abe,921
2018-12-11,08f039dc73d7487ef817447a865282814cb22dbf,922
2018-12-12,66fc02852aa09cf0c80b9d5388f854826ad2f16a,924
2018-12-13,dccc22e93cc3b6e6dbb49a56e9cc1744b314c7fe,925
2018-12-15,06544cc584c00891adec8463d5ac2e9052b2915b,927
2018-12-16,53685c4082aacc85a9e7fca55ecda65d1af57398,926
2018-12-18,91362658664104b1768806c085e68dbd4c9b8aac,927
2018-12-19,94e551330d131909039db61fc708cb30908b8606,926
2018-12-21,868c7a0455c938939f4355217ca5695b2c8947a1,924
2018-12-29,db8617b4b6703da868d1fb062874ae5116928bc0,923
2018-12-31,eafe240851b2d3a18692fb108a4b847425fef668,922
2019-01-01,4365b8c291e7214a96b9df191f28f06133d85c2f,912
2019-01-02,7313e6e9812d644c2aa6b4ca0c06f1c4978f5a14,913
2019-01-03,c02e5d35ba17bb4f707beaca89fabfd738a8f8ee,914
2019-01-05,085937587e7834edf9c5802fa9b904df103db649,915
2019-01-08,e5fbf54d90c927d688ae3d811e1df415e23fa8a2,914
2019-01-09,a4ca204272fd0ede8d1d179854a7662dd7c96ad6,913
2019-01-10,12c1b24455c9cca16a43f40bb31d01003bb96979,912
2019-01-11,103e7474b56688293199bcb752d6aa0f517b24d6,912
2019-01-12,c9c51f51c2d8ac59a39dc22fce747a765c8ccf28,911
2019-01-15,567e3015471bdce5a8235541b58e2d85e5c95ce2,913
2019-01-16,1aa2e23b41ac9d0a2bd453181cdab1edaffef05f,915
2019-01-19,d296277945d4f5172cb9501bfcb6d42671e037e1,917
2019-01-22,f0d9ae3047422f4eedc231b63f43d5c12c2686dd,918
2019-01-23,4be02473819bb9d718832ffe9a2197ea83bb0b96,917
2019-01-26,17a97f12c426bc8975330ce8d9cff469b0526b73,917
2019-01-30,68acce797e0a2eaff0ba62baad4388856232d7df,918
2019-02-01,9c1294bac28c736e630a16d0183cc2bd89c370eb,912
2019-02-02,5dffa21c3e6d61349e6a109c234940abe3865ff0,914
2019-02-07,c51aac31da3994c30dd53a816957acdc2d673980,916
2019-02-09,8856aedab17dcb375c9c457b2d223a034a0301af,918
2019-02-10,83a2638d2adfbd91fff3e92f203d5842776dfd1f,917
2019-02-13,9397f9ba8439c95407eb3ed60ed8fc821c67e4f3,917
2019-02-15,3f24338745485f5953607af3cf3b420ca270760a,919
2019-02-16,a1b22d196755a959636e7dfc830b06a9b053afe9,920
2019-02-18,97d0b471be247b3159b993432a1819f821a5ad3e,919
2019-02-19,8db701199603ce2ed9c0a955824355d6b82fda7b,920
2019-02-20,6c4fd8fb4067657bb3b0621894b855c0b1a60f4e,922
2019-02-21,92723d1ebaa9fde8e0e5d47032d9ed99ac3f7b80,921
2019-02-24,07b72e208499a8b3f3c846811dc51532a2e214fc,920
2019-02-26,a8f6615ffcd432e13c1fcd0221884b10cbfec1b3,923
2019-03-01,b349a0ef1a809927f6a9c5c9cfe59c2915ba935d,923
2019-03-02,843f1528373c08db2cf49c62d7441e059651e999,926
2019-03-04,6aa82636f81ba5d4eac0687670c685665e69d486,925
2019-03-05,e90c98e2a9f2bdac90ad5c6c208faf89a65bfce8,920
2019-03-09,29b4d347ff60b39028efda218f18b59f79d0297f,919
2019-03-12,83699ee0aef3ce05fc0985ec3174b2f59d2c118f,920
2019-03-13,969b280b096ca0c165e57a65caa682c37db713ce,921
2019-03-15,79e5179770e2cc4338aebdff0f2bc34a61a570ff,922
2019-03-16,f9160223ec0f8ad614229c336da96cec46eac6ac,923
2019-03-19,e8eea3b6b9ff942cc8339973d2318e0cf113d409,925
2019-03-20,516ad427f470b49ab7589aa471eb4be8f8d8b579,929
2019-03-22,6c0e7c3899bca9b6a46cab06316c871cde1c253a,930
2019-03-26,ef096f3d5992d3b521ec412e69dfaa76e2d8e47d,931
2019-03-28,d5629081590c760ba57471ea8b4ee71b06f7f32a,932
2019-03-29,040d78013a06c4ec43c25e97f3d7ef834d195ff7,932
2019-03-30,bfe55c91c517ce5eac8cfdd6a119ca097c193006,931
2019-03-31,c31781b9878eabb9ef02f45fbe1a5c8196cf7d4d,932
2019-04-01,ea8a5beebf47e3c6d0bdb218503349b095b341c3,927
2019-04-02,2b3464333b7581f419d9a5a993cd9f6807b71e78,932
2019-04-03,c33397611f3aebcbb415ee5ef9092f5cd5e9ad98,934
2019-04-09,449a1c31c90657169a0f7ee2c8b22cfd177a1f87,935
2019-04-10,dd893f181948cee9180dfec8bfcda8cfdc740a53,936
2019-04-13,20e53a3d4224189a3c9e01ae81c44131a8ccf737,936
2019-04-16,7c81dddf9e1f3bc4cf34d9d9f81557ae4e1333d1,939
2019-04-18,34eef004ea44312a11bfc72f0078f07a96b31829,938
2019-04-19,d4ca973654583ade3d6e068446769deebfb7eeb6,940
2019-04-20,e21813bba3490285d1b67f115d710cda7a1fd744,940
2019-04-22,3cfe2caa84c7ec88e0ab6ecd1eaf0dc781dc17f1,939
2019-04-24,cee2e2a686b221b30398e0eba439d2133f3b6fd4,938
2019-04-25,cb60b68815e44c4b44c2e0fa663b320d5c978863,939
2019-04-27,e872cbbff7c21f86fe7e426ebe3e8ce448484bee,940
2019-04-30,8287a2601b876616cc26fa19121262b7f12bd76a,939
2019-05-01,2907be415ac7d92590f14c8c04b8a76ed9978335,933
2019-05-07,c9abe93750703eeba490b50cdeb93083a3247209,933
2019-05-08,e1396574c01ab562a6948128c8f1dae0434f3261,935
2019-05-09,3a6cc50e1bcd2dee79584a13d4f68c00e8d24127,934
2019-05-15,f6e7ec717b5ece104e05c3a19471cfd28d909168,935
2019-05-16,292af7f1977ec3cafdfc3ce5b3b020e3d6194a53,936
2019-05-18,a1b64950d9fae8806b1b25d4f5216c1cb31731f9,935
2019-05-19,b939169ec695caf2cf356ff638c1a20d8e3310bb,936
2019-05-21,d53d4a2d11eeac67a94679dc3b14c7db1f010abc,935
2019-05-23,8bb13e5472e24d1229e25e84f6af6059172f7686,935
2019-05-24,cb9af7bdd00d8aa0e513ed83eefb4e247c6c988a,935
2019-05-25,a8fa174f7a72df635df3ea4b4f3ca6190b59b844,934
2019-05-26,3e1db46a33169e3cb7550b139be84c52c9d39afc,933
2019-05-28,642862cd34cbd1b203fcd583889a68c0b7eb208b,934
2019-06-01,2412cd70d33b1f49d3cf1f8322ed2812e894cbf6,932
2019-06-03,9c4c742a9faaddc06d26bca091117f6a37b9b402,930
2019-06-04,4d412d1d7f56cda52a6e9ea65af49ac3e1d28b37,931
2019-06-05,bd66f6c744dd305545a7109eb54e13cb81e99eae,932
2019-06-08,14ca908824fb0fc9c4c4cc4a87ac03b2a757919b,930
2019-06-11,5f89b632bde647d5429b1e4705fe39bc20a0a1d2,932
2019-06-12,8feb6ccd8b95a9698f709a5c303a6e3f1298121a,933
2019-06-14,f841923cca3895d8776c6e762427202e284756cb,934
2019-06-15,882a39d6e987081bd549c1267b46f362ff3d5505,935
2019-06-16,546c5c21d213b10e710fb378e0cd763550756a4a,936
2019-06-20,294eda3094de8725aa6f48c9c3292ff2e66c7d1a,936
2019-06-22,9df3e5d593a6ca62aa2e2242b06c1c57c42f0829,936
2019-06-23,2776056a5ad320ab733969d75b61d9825169b539,935
2019-06-25,b1f7414b0b0fadb6fe963f1c7d538a0c1a9cb5f1,932
2019-07-01,1b4468bea44d934a3806a23e3038da4a5704459e,927
2019-07-02,5bc2f121f7e693cccaedbca917b6ad5df7e07190,928
2019-07-03,227f604c6c219bd45cc918c75b7d4a1c4fdd8007,927
2019-07-04,b6bad5b55d5289c322f22c85dc361ad4bef1a76d,927
2019-07-09,289e9a1f73ef17bfde50f8b726b9bc66286ac3f7,926
2019-07-10,fbb782552990e82203e03c6703dc204450a01d2c,927
2019-07-11,c3023aa87f5452271f576e8e20586d870492707a,929
2019-07-12,f35496b0c3009c5e1d61edca226def00b2c2bd6e,929
2019-07-13,e278d5d3a7be8362ee9f923e3518927a8dfcfa7c,929
2019-07-14,4294f1b9451aca159216e9bfe3e3ce4b2a441803,928
2019-07-16,c94f5c226005755f8d7101f1c524cce5412b1af1,931
2019-07-17,bcf5b10a7648d1119f9626841e53c1f07eeddc29,931
2019-07-18,9ab4bea217b62fedcf1607ca2387780f8576018e,932
2019-07-19,535a2e12f4bd2dd79aa8585c4df0e9f5498e78ae,933
2019-07-23,406add56930c31bdfe15e2d054b4ce36a4247769,934
2019-07-30,4ef365fd2dcdce30103a4e6e6798ae5a789022ba,935
2019-08-01,8b48b2e51d37fa747f104fafe7b559649d9625c1,927
2019-08-02,74156da4556a92d00f91bda15c26470ea2c56414,929
2019-08-03,630378cfb0aaca6249d0b7f7eba82bd3be0d3432,930
2019-08-13,37237ec40a3f0173bcb95f7c2c5fb5aaee8fac8f,929
2019-08-14,30c2411857031ae5d66aebe0619ff1ad7db3bcb9,929
2019-08-15,080918643bb1631370f373e0710f18b1c8491a50,927
2019-08-16,eb254c871eee1a582316141fd161c89565226098,926
2019-08-17,14947414b5f29f44fde0cb645a25e39c2077d41a,925
2019-08-20,23bb81374224ba0a1e670e45857d13b7a51e38c7,926
2019-08-23,69c89c80e82aa063aa2827c4971c1a430bd2a052,926
2019-08-24,780bc464241d856306583b9279d2d81656795067,927
2019-08-29,3821b1c61092bc550dee4828c1999cf3c44e9c5f,926
2019-08-30,e8c7ea541fa1f8c279545963250ef2b3ef36cd3e,927
2019-09-01,60998d6bd438c481b4edd37de0ff8e29268e3164,919
2019-09-02,62fc4fd67de552e892f09baf70057ff0277f051c,923
2019-09-03,a614464e53a14356b599d267da1d9444bbfb033f,925
2019-09-04,7c64def79f95087d0cf0e9f861f6c76dde77c1be,925
2019-09-05,71e8a3c96ae07d369d0bd79f112360d7112eaa03,927
2019-09-09,b8d4cbc41c5026d322ecf30b30b819a4953bec08,926
2019-09-10,db6655c463ec3c13072a18595d66e268f2fd0691,927
2019-09-11,ae3ccbaf81be2624c3eb967d6f886c6cc6a7d790,926
2019-09-14,53724a34f2a7adc9a746ce6b1c6989b48b1ead6e,925
2019-09-17,232eecffd7bf1501faaaf14cce5b08dd4be3dd93,928
2019-09-18,57b3d55ce0bd846acf6da9b5151be1062f6af7c7,926
2019-09-19,86f219decfeafe5aefaa9a53b4c0d77da57b5f4d,927
2019-09-20,18bdc22a5408df4703ba5042fe2c1e1e1f261320,928
2019-09-21,df2139b32df77f2b1cd2e371e3ac3ca6022b369b,929
2019-09-24,dc2a96a4a4b287424bd918d51b4e9601cdc1851e,929
2019-09-25,db3450515530c86987fce0eb62ad0d2e121aef61,929
2019-09-26,9fa882ec8a89f14f8f7f03f2fa5df18214cd2b0a,926
2019-09-27,8e694917c911cab76fd7479e85165f4cfef065a3,927
2019-09-28,a46d8f9a442a5d15a3a48b3a1f95a0572e8d90f9,926
2019-09-29,b0f8e2ae6e0c483e2e501baf3deb2d0f40f2c772,928
2019-10-01,3768a5a4fddb60f6b061e0569de4c3558dcfa3ae,924
2019-10-02,f632f100a60f361315a820ff1ee1f4c93e861604,924
2019-10-03,46be6da6ce228dad3aaee7a08ce89a62bc4ce280,925
2019-10-04,30da21b2223307701a31d2aa9b5f41f32dc0254d,928
2019-10-05,135eb988000fca43f45bcd8b38dedc38ffba5131,931
2019-10-09,ea98169acee911734c662b83abae5bd182a1e846,932
2019-10-10,1796fd0da6198e472703e9339ac94b1aa9ee956e,936
2019-10-11,7a88e3362e252ae03f74564fbdd8669e60056e14,937
2019-10-12,2bae1f9400baff04d6e311029ca723697a7b527c,936
2019-10-14,47e07b750c9d997ecbf4e6e0610e1c3349e32045,935
2019-10-17,546fd9b86cf7e78b238eeadf7ded60de5110fc29,937
2019-10-19,6a6d098c3702128b68356e7991950787e0120b95,939
2019-10-20,2a7981b7ed123475b23b859cf2a819dce72b1fd0,938
2019-10-22,d01041c1363a25ef7a331df4b1ea4d34b7ae4928,937
2019-10-26,32e4d29a583605cb740e770b96a3608f54ac8080,937
2019-10-30,a0a869ba29e7e59b1c9e122a93a33a387be9562e,938
2019-11-01,412d120e8bb2798fd6000712193f0dc406509fb4,935
2019-11-02,58631617e976a196043a86de2700dae3af94020a,938
2019-11-04,7663ce1a5c24965bbd9751c9aef18fd68641d95c,937
2019-11-05,4a0c6ca3efcd3e8fd0cf766a7145fa5ab220d6a5,939
2019-11-06,2abf563456b78981153d69e1fcea079ce6327631,939
2019-11-07,1d7c556840826ac28d03422570af28c5053bf2bd,940
2019-11-09,0a1b137041920f0298398be63f8baedddf678ab3,940
2019-11-13,d5a52905c4eff2f53b3bafff38c70e0ac41bdbb0,942
2019-11-14,068e360e902f92170bb5350cfbba23299f7ca802,943
2019-11-15,af44c1d6fc85fb7f37c21a36008548de55b95b5e,944
2019-11-16,1058664d507ee764c95c7871c4951a722f942685,943
2019-11-21,015b2989cd5ef2a48276be99d1a97bce1efdd588,944
2019-11-23,a7f6d7442137677424f5bd6a8bb7d5a50a816d4a,943
2019-11-27,0962dcc89475b50eb8faf292979457afc7063bb6,942
2019-11-28,bf3d94f2eb9f09b05aab0dfd91b149d1257c1e97,942
2019-12-01,f4f1e235501229c3397ee3256f368e6c315c9a4a,940
2019-12-02,fd67467c52244ea0090321a03a6985c998c53322,939
2019-12-03,d54909282e296ea84a422232065f342502871f52,940
2019-12-04,15417c7e2c75fef79c80825521b76fc262aea644,939
2019-12-06,1704fbc0474bc16fbb4540fe3641985a17a57aab,940
2019-12-11,20b4bf71fdbad6c39c17fed71e948a883957f881,939
2019-12-14,f1c02f4c3dca3a5d5ab8c313da6746a3bfbd3f01,938
2019-12-17,6ce4a3ab16a288b8c09061dbd10f941f859992fc,938
2019-12-18,300f697e6894b45ba92e513a84f4fd2f47eb35f3,939
2019-12-21,e2a4cc9b7f1c2cc9b50052e8481b55ccab4628be,942
2019-12-25,2aed32f07f64d7562761d07c6366ff65c23567dc,941
2020-01-01,2aa65f275a587ae89d3aa4a0dcbd4ee6f3c027d2,934
2020-01-02,f9d37dc3d6d6b1570cdf9bc3c293b9687572d377,935
2020-01-04,446ba53f49e451a57ec7bc5287a7610a4c13e0d5,938
2020-01-06,9b1a6963ceac6fcbe77105b3fd915a0b31db90a1,937
2020-01-07,874d978bed8e83590dbe0f4adbc438d6225d9e14,938
2020-01-09,79fcaf4d1dd34f62e9af6e7b6b8dd24a1eba607c,939
2020-01-13,be6ea2290912ed5b92baeaedce43bb8a356b02d8,938
2020-01-15,536f4ce959ae3698fa819c03dc0593cc943e1337,939
2020-01-16,934d0a10fc9f47e09af5f3a0719d46d8ba0c59c2,941
2020-01-17,80dbd693fcd77f3b9e5689a5b621f08f7637b633,943
2020-01-20,13c8e37d96ed82860974f95009c82d0b93cc0d51,942
2020-01-23,8fdcbd26d1e5185290085b1b38b7c6481b0f4822,942
2020-01-24,bc4ed62a42992f9b9b0315e7cc2ea56a0ea026c2,942
2020-01-28,0be885386666f5785008f5e408a5e6951ab0b85e,943
2020-01-29,07059cf75b22cd9fb7e79828916c2a26b4664e3f,944
2020-01-30,f9d0a2016e7b94090f024c045804cf499a38a4ed,945
2020-01-31,cc47af486cde41b80a9c75203bdb5d4a6ff2b597,944
2020-02-01,346157fdea051e9d62eaeeac73e71987c26bac42,943
2020-02-03,586c77698f5c0e825837bb96e8a874234a8b04d5,942
2020-02-04,084e9ef40618b37c2796a822e5d1ea51aa2de7db,943
2020-02-05,c3eeb2faf16b3d81ce9fc3e38d55bbff8949f3d1,942
2020-02-06,fe7144c5274b0ab2b8a75a8770539a2367cbfae0,943
2020-02-13,4ae943f08cc5d9b1684372f1ed8d9da6492389b9,943
2020-02-26,f23587d8d36e08a86077d985c5b27f7ca15a8845,945
2020-02-27,074262175b12290264bf3615c135cb3f26233510,946
2020-02-29,045c845dd8944d0604107ed4fd07cbcbaf63c9e3,946
2020-03-01,a8ce50564f91197ff8d54b31e80f6e1b949bb185,942
2020-03-02,8f061980a2efccf8bb1962826d6c59abf9eed485,942
2020-03-08,933344b352007f25bd4ab230221c3059541c5db4,940
2020-03-10,59bcf4f1aba6a3931f53f0df14f982a39e5d8748,941
2020-03-11,aaa8a5617f7589937f3d953a068a456d334fde6a,940
2020-03-13,14e9d8c84ea4457701dc163d50c1a024be066aed,939
2020-03-15,b67335006b56ed5ad47ca2433c853b9811d33c24,938
2020-03-16,1baa1e3f32b7af0b3dda615d2266a0d9248a3680,936
2020-03-17,df9c25abc1e01e3e28ead51c323afdc3f67aae26,936
2020-03-18,5a388b8de326e7c1a96b31a4ea096f5fc6eada3d,936
2020-03-19,d50054409004f0654b2429b334f145eedd7158c6,937
2020-03-20,074bc7c71e551cae01cde5a324880212f0d17dc5,936
2020-03-21,16f7425d49a6c8a768a132324281988951b87995,936
2020-03-27,cafe6a7b4ef97faf88d3c0e386dbd1c1fb016f34,937
2020-03-30,f45475cf030b42e5b77e495530d7632b4f5b63ae,938
2020-03-31,528da64ace887589661e291c5d8757ff9fb89c24,940
2020-04-01,9a95182a21f11a4fe3b203d610a4a908ec907ce3,935
2020-04-02,10cbb865f950fdfbf163105c0aa2df1830a3db56,938
2020-04-03,7323af16abc3c179c7e418ae2d7b3da7599555b4,939
2020-04-04,3472b31d6e1cb2fd6ad391987432d832c2590287,939
2020-04-07,ef817364c362afaeeb04a16bf53ff149e462a02a,940
2020-04-11,7b7601c43a25a1699440f2952c6f386cdb4d95cb,939
2020-04-17,9b691ac923ca7c16b1dd36fbfc911a5f390e90be,940
2020-04-21,e4c61de3984e63c695efeff5a66bb9993978fdd4,941
2020-04-29,6064c1045c8795ee5af938ca93f9ad26d0547ea9,940
2020-05-01,fc36067f2f3c110b84694714c6d7f19353b8b5ae,938
2020-05-05,41116aa06dd79316ba7eed19a92c241e76754ac9,940
2020-05-12,e4f569cd2ffa0ca97445e3b588150c10ffacca92,939
2020-05-16,5ddc6e369da5a024a3def7e5e32b2ae32f97407d,937
2020-05-17,ac606ef4c837178ca5beca35ef8cf3c4720e8bc5,937
2020-05-19,e0891f6a292b39c8903fdfdb006833a3921d4e95,939
2020-05-20,1ee59a5c040097c82259b46ddcbffc309755c939,938
2020-05-24,3498a4f36a82ee6cf7ebe3b256891c170d5ce31e,939
2020-05-28,5a6fcc583e285f93935c8c84ff275847e74e0b0b,940
2020-06-01,10eed1db7c193909662d37f17f34330bfae63fb4,938
2020-06-06,3d084b0aefe32ebf719b7822b4bf2e6aa20dfc26,938
2020-06-09,b702d828671031738b0a4feaf91b998fdfc312c8,937
2020-06-10,4af0908737b7cb89a776385794a8da3e1038789c,939
2020-06-12,f569fc198a78741dc61995eff0eb4f9a304745a1,938
2020-06-13,c2ca11c6b7e34e9782119b98ee009770b9539620,938
2020-06-16,03b71a1ca07595838dd97370bdc5b49871b304cd,938
2020-06-17,ed2ad258b43831082684a6f67f42959142d2cf8e,937
2020-06-18,87f2bcdeab7f60eb0f1e3c4bd0a19a1fcaa2c40a,936
2020-06-19,ce5823dfda694b86f7acec1ae5ed664f48ce1573,933
2020-06-25,7fdbabdea3a8b5539a39efdcaf22cedefb127fcc,934
2020-06-26,741f52ba320a9fde74b8c4a5f48a30c6eea70863,937
2020-06-27,90ca73f5653341ac2e89d94bfe4e126826190736,935
2020-06-29,329db1700da4d1a2572fc24e063ca1ea73704a5c,935
2020-06-30,f0441f9bb37bd2d2525dd43ec41e2b9e68b2d323,932
2020-07-01,ad1b20c76d597d62acc214852a4b4eded66e10e4,928
2020-07-29,6d8fc53e59231f10d05f324b37d5b4788cf3281f,938
2020-11-02,0605c38db757e49c0b3b2e38b617a8cb7b6fb0d8,833
2020-11-03,996ba2f75c17f6eabe977e8b33821e51c304bd50,841
2020-11-04,dd8d625090a112f1cedd961d169a346a102ac88e,855
2020-11-05,66f26747606a0c0d71ca932e9615df3b686ed46c,858
2020-11-07,287e632ebfc433f39b26575e2ea1579b670df3f3,862
2020-11-08,c3d12b506dcd2e453221bc14d7fbbe29b5f3e66d,864
2020-11-09,abe7ca78510fc43f26c6cde1cf995164e6b4e5dd,865
2020-11-10,ead2c0e2a0a6a41737c2b58db4f6d82022178117,870
2020-11-11,9bfff74506f706b74dd0bfcdbb1fdca595da2581,871
2020-11-12,1b9dbdd603e477ebe3b1a479238c17573aacee19,870
2020-11-13,ea393af29d56b232a6da48071822ec8814cf4614,872
2020-11-14,4fa0976e06a0773486eba9bf2054dc45efbc044a,876
2020-11-16,ce36d49c6b4a08d8c41c3d6b44691d433d9c2735,872
2020-11-17,659ecac4f7c8ac63619f210e25805d8adfcb995c,881
2020-11-18,2f7390498275a2f47c3e7f84fce4743ad5ce796b,890
2020-11-29,41854404a94dd504b5f8a47bc6516ccb5fc5fc27,898
2020-12-01,6fdeecca86701c936ee9a9e21018cae42272f7dd,897
2020-12-02,e96cf6b7cd269ac7dda2e89279ad7097b50cd7a8,904
2020-12-04,1e8565e1c46207071b036387f3c9b2c593f0bc92,905
2020-12-05,40f07e9d1d54bc4c87fe9e4ffffadef1d7c2a2a2,907
2020-12-06,875b922544b9e9b00fa115638452d6e462b33b12,908
2020-12-08,b3497f305148340b581e16bcd477977b7f50f232,909
2020-12-09,ba46934c5cb0b7d363337e27a5adbebab81661ac,910
2020-12-10,9ad0236c2109ff0d08cd5eb34b58ca818cc28dcb,912
2020-12-11,eeffeb24cf675a7f0d584f639de370174741af80,911
2020-12-12,7884729225a8665fe4e8dfae1d79d3de83ec532c,911
2020-12-13,32eadc958ce4f39cdde26f7349e191ebdea9bb8a,909
2020-12-14,00d2f29562763be8eec779d11e292868c5fef4ed,911
2020-12-15,7dcc734158db9cd2cb95952570c63dc40874fd5e,912
2020-12-16,d40a0864e79d20a2f53eea54fc3708f13511e58e,912
2020-12-17,8191f71689761cee247187805ab51331d372b36b,912
2020-12-18,11545161d88aded1eb931971f93bda427abed157,911
2020-12-19,45e41fc22bd6ccb1ee340400b816d17aff2f8d4e,915
2020-12-22,affdc128a1de9c1130fe02584972802a9d352fac,916
2020-12-23,7cdd0204a9a2f07ef9294a2b29a8a11233ecde2a,918
2020-12-24,49b45496ed13f2ebaf9799780ab7411cd557b246,918
2020-12-25,6bfcaac4cccaa454ae09a63eb69de64b26cddd13,919
2020-12-28,11844a814bf2103455e98f46802a41b64e43e27d,918
2020-12-29,73c9097aac01f837cf5cca5aea6dd0a4e3782f8d,919
2020-12-30,11ff1ed3e417c5029ba606cd43432eb2391f6826,916
2020-12-31,fe0f2440a895f49670f63887e547865e6e1ee44e,915
2021-01-01,3ed981e727a3fb5a6cf11847a2aef3ef82c0e904,896
2021-01-02,0856acdee82b0eecbfe0f793694d952360f434df,904
2021-01-04,27bffba6fd563a3c79d4ed849bb701831a3c535f,903
2021-01-05,c2da7ebef8a8dde2c9699ee0ed9764ffffeca0da,907
2021-01-06,bb4ecac97827e874f8abbb7371cc5b937f9886ac,909
2021-01-07,3053bf3b406aab776e2b24dea8b4b9209d1e43df,910
2021-01-08,07c9584204f0d61162c6242cd15d901e3dcc834b,911
2021-01-09,8877b54b92bb5323a66dd1502ae45020455d0675,912
2021-01-11,c7b0730dec4b80b6f20834edc6e8189aff8bee12,911
2021-01-12,5bbcc61cb64f18e6b494a7ebc6c106b567d2f397,915
2021-01-13,55b1e89cd0f965d9ae400f50a5e098ee1889a590,913
2021-01-14,7f163ada64c24bc05220062d2e331761eebd47c3,915
2021-01-16,f125ce2054ee8510d66d3fd7c6fe69de30656c65,914
2021-01-17,8306faef5e539be66810312a86e5978b702ed79b,915
2021-01-18,36715235b26ddca95ba82a553d7d61af6b625f5c,915
2021-01-19,2863c4c2fe194e3b78f44aff64300cb5b641efe0,917
2021-01-20,c54d6c29b80512c6205aeffa77ef052898f0e0a3,916
2021-01-21,cb5f66102f038a221a2f4b3f8895b669aa25bbc7,917
2021-01-23,44d54e2b24ecdc92187ca5a8b54da844f2e6c49a,918
2021-01-26,a182f53a9ecc8d644791a80fa8e0621280d89498,918
2021-01-27,aa87ce233823c50fe1b4f51117486409e33c6b2c,920
2021-01-28,a4462183efc099e9b110e613024e51ec0eb44486,921
2021-01-31,58e5c38c050ae60d66087a8bbc1c9b5b06e9e999,916
2021-02-02,796d1f46632d7a9903912c627558f8843aa85860,918
2021-02-03,71c22027a71f7c83e92ab0e2fb78ea532a0fe1cd,921
2021-02-04,a3c967dad0cd74f5e1ad2f461d1526f8a73a41fd,923
2021-02-05,d191c1b5b21ac040827b88dce7b16e8cdf21e187,925
2021-02-06,b2fd289b50e39a564342404c306923e948fc5350,925
2021-02-08,8799982c080f5d9903f3b05643de4ff218182942,926
2021-02-09,58e99ca63a1ed078d679b12f15ad5c8a23188616,928
2021-02-10,f22b06b60277cd26f0e7e14c5becb3cb31ef2a55,928
2021-02-12,96ac176dc6ff5334041eb57a61671da9704fd935,928
2021-02-13,0bc627ccbed9cebd546683d36f81b6faaafd85fb,926
2021-02-14,5d62a10393c6af9ad9674581128664a278e6e198,927
2021-02-15,b57aff0d6c655274ec81ed2456bd695ea967addf,926
2021-02-16,e1b754b0e14fe9a2675665bd6881e4d46cfe3176,928
2021-02-18,262c26ff7bac3343424f43147b3013e7ffcfaa88,929
2021-02-20,c042deedc360ea2ac600e8d94411e36cb1032caf,932
2021-02-22,54e2c7c7941b31969c10f9facf90e4a9c3153552,931
2021-02-23,b959301242391645679f3e64e8ba2c8152963639,931
2021-02-25,9f65e96554123ea6c2385fc1a14e69dd322746f2,929
2021-02-26,76c1bf6ea69987d96a66d2a3f19e7b105649eee6,931
2021-03-01,84e4cfba9e7d183d251f1fd949096221d2da6b7d,925
2021-03-02,b431e78322846e2946243d99ffc95367bb7cdbb7,925
2021-03-03,8ef76f45b1842f0886044643640a694f9ceade67,926
2021-03-04,50ac52a88730df2c4c2acda1c77007a3266dd956,926
2021-03-05,c13846015095f5a0274f784f169e21f72d8fbea0,927
2021-03-09,f45801e3680d63c79a13fd33224162e65522993a,928
2021-03-10,9731c594fd4b9ce5828a8cc59c1b36badd8a5c91,930
2021-03-11,638137018826809aa49dadcb73dde853aa0610ee,931
2021-03-12,2020f4d874476f367cd6fceef14e4a646f3140b9,931
2021-03-13,a4614190d3ecf0fd137c0b25292f48b03cc24339,929
2021-03-14,7721577ebec7afba2d4452a928ed4f5d83c14034,928
2021-03-15,caae4410ea7c3d29ece557b558e82f2b8d6f6016,926
2021-03-17,9518d23921718fce1bce8472f493ac8e285b72c6,927
2021-03-18,686162b3a1de8cab13357a09046f0141c2e37868,928
2021-03-20,52872f7b179da7bce39f45ba6c105cc14a98c166,930
2021-03-23,f0ac9d9333f012d54752dcca5404b6a4d822eb95,930
2021-03-24,8984fc1869275d0a1b9542592b370e0640f6d800,931
2021-03-25,96cd1d4f9507387f274abc29db106c022f7c4dd5,931
2021-03-27,e9b94b6eb1a5677226c3459a36909fee740741e5,931
2021-03-30,566a634ccae9d6563416a7ece37ea916c6565ace,933
2021-03-31,8863435a87a03448cb4e5800b8ef121b81320f2c,932
2021-04-01,9c489930be900babf835c082728b85b98f11512a,923
2021-04-02,721f22fc621e885a3b767d458bfb9c5a74321187,926
2021-04-03,7f81ff979d2a826f40b18e3d58dd0f76664ee56e,926
2021-04-04,c9a363624981912b67a15c74100e57da6ab3056b,927
2021-04-05,2abd4bc0a0af1503682457a1b1f764b32ae29b21,926
2021-04-07,901b6059a5d1c084a488252e399363ed338cd658,930
2021-04-09,79ab985e09d50fb0d14e14ea337b5f496c1a6d54,929
2021-04-10,cb455b80f361cac47934975b766888d85544156b,930
2021-04-13,4f4d08867b952815d90e0408dea02ea96e284229,932
2021-04-14,3d5ea20515f8d4d9d92ccb39a9bd2f4471d9496d,932
2021-04-15,df0d448202339fc69dedff5b78855ef30c17f212,934
2021-04-16,565d2a21dd4dc7cf440984e35b4899f321b39c4e,934
2021-04-17,b4c2406324eaf2128e76f8d0315e4afe57d9f723,932
2021-04-20,6edde720d60ec3e9a07e34c328d74da8d8cb4766,931
2021-04-21,cb8a9dd84ca7b251b86ff213923bc45aaac7c070,932
2021-04-27,4d3c0afc1a35fcda7b35bae3cda887504b1d2ff9,935
2021-04-30,d3473b603dd36dfbe3afde1f35a599b5d9acadad,934
2021-05-01,b39eaf5faed4dd1acb6ddb898ac2e25d04eeee4e,930
2021-05-02,d7b1cb75768df7d798cf68f3bbb5a35c851b6269,935
2021-05-04,df0fbc4fa82df386a1cf4e75e34c63d766b20d0d,935
2021-05-05,6deb2e104a5d09cef2ad85ecdd2345f010bc31eb,937
2021-05-06,90bb4e6a7e2664e617ef3f0281763ece5ac38d5e,938
2021-05-07,25ef609d128e93a0cf04ff8f2c989db88764b8e2,939
2021-05-08,b0fb804157516dadba598e40bf6b0aa389452279,939
2021-05-11,5d400e76379b26b3600fd84076022705390e85f1,940
2021-05-19,dbe4dcf862e3a775c89de022de3c752e1aea05da,941
2021-05-20,8deeb90640a394fdfb571616fb9e56d08a6b69c5,942
2021-05-22,41b773c3d36ee3d43b6d0be8be9724b6fadc0e9e,941
2021-05-26,d68ab5df0d8d8088492dc248ffa3652b81c30099,940
2021-05-27,a2feb7b9061b958f6a764d81e221954932630380,942
2021-06-01,91bf92e62a131406c0457c0481c4938212b3f3d9,938
2021-06-02,98d6ab17c67a0506bee14c5bde12ce33d1340207,940
2021-06-03,bb7baa07bb82ea75d5ddce0a234d36afe48c2a49,938
2021-06-04,5c1ea11fc648be4dd4c77ee42ce5d607f0850455,933
2021-06-05,0660f8fda0ca7875dc946299d726cbc485234975,931
2021-06-07,5e0e095e995b4113b3fd75a19c8a0e74a081583f,930
2021-06-09,0d0072061924098c65777494c56e07e90b37e286,931
2021-06-11,ab076335d518d402ad09483ac6a8f4ee3d8e0c5c,932
2021-06-15,a2628b94bcf3af741b869197b1df9c689cc0708e,933
2021-06-16,05ba8e903561d31dc9208cd504c9edb38b5dbac4,932
2021-06-17,c83349e391df45d890c0838139f25aeaffc1e225,934
2021-06-19,cf22371be417a254b1c6c8acc0b3ea9d1bbfadda,935
2021-06-22,aa7e640ca96ce226dce60c79d323c2613e60a2b2,935
2021-06-23,4c43be3777aa2a6813190d59a01739611804db20,936
2021-06-25,f60f483874a88b4976dbced3a799b50d38a8c907,935
2021-06-26,a761949967c7731103c4b516154d0ade56cc3283,935
2021-06-30,185ad63c1c5b897034cd8514c20a6cf0d11eb71b,937
2021-07-01,3a6d02142fcec1eb742fe4a238c692ba995113c7,927
2021-07-02,37c38f7b8dd440e6150b41f45df9ddbf187848c4,931
2021-07-05,613ef9fb13a089cc408b114a26608187a4d4dedd,929
2021-07-06,09f94873eeba9aa04b81837cdc4ea59518b5dc39,929
2021-07-07,518906598aea282b8d182675bc5fdccfa4bb117e,929
2021-07-08,5948aba8fb4b02bb19a290b1ae9fbfb955449779,930
2021-07-09,9862c9b7b5cc685ed7cd23f2731cfa76cc8ce7c8,931
2021-07-10,3abf66e1b26c8ed41a66445419e982ab9c8c607f,929
2021-07-13,4ded7031cbaa86aac3ac050ccc6c38550b0f39c6,928
2021-07-16,fcb7694db4d215a86f80e09e73bf420426b2fd2b,926
2021-07-18,b05bf24cc32d66652b5adf570f6f58696a3d1265,925
2021-07-21,3f0240c30a10fbc7825285e7a0acea323f856d65,930
2021-07-22,4cbc9ffa2c4610fcef22ff45c92a4c523d1518a8,932
2021-07-23,9b9b4c5b3f06304314ff48d87472696836477c78,931
2021-07-24,c5fd32d1e17e2fd63c7e64268bccdd75ebcb25a0,930
2021-07-26,71a57814875d88169e05f5ce50f96be41f2b4a42,929
2021-07-27,d00a77a86e9ae64bdf6b2a4c76fcc777704aed3f,931
2021-07-28,14dbec1fc3a43c8f009e52b8cf208d087cd82781,929
2021-07-29,fdd31d8faa141bfeb4d0bdf0c404ff98921a75f9,928
2021-08-03,e4d0906b8a5839343991024f597eaa0de6b8165d,923
2021-08-04,c6c1954d42326f304e2634759801a57cc6260eed,923
2021-08-06,11aac924287b1e83fe93c8aa741f4f8d4e084451,922
2021-08-07,62f22edd55221cb3f7c12183e2a7381ec3dd7586,922
2021-08-17,fbeae41fbcc37828ccc9cda9fcda052cb38ed511,923
2021-08-20,d25381168b2a92f02bfca07f529a540fd14d966f,922
2021-08-23,5db815c1c855eff91cd8ac88216f166431414c8b,921
2021-08-24,5382e4620426974f195f8f4928596f5f37e95afd,921
2021-08-25,68e82d18a1203b06a69e288040bc451531a95bec,922
2021-08-26,0d573f389b827a93f88ba3273bbd15acf33a50a8,920
2021-08-29,a52b1622425256a8e9c7029d05ddcff0b32a65ba,919
2021-09-01,7a0917bbf1b960d5056e1d24d8e8bebe7660fcb4,909
2021-09-02,dc01c4de16ae6ee8942260d6da74b6664b30b1f3,924
2021-09-07,534c627169f6daaf08fd7c9960e061fe82e6a039,925
2021-09-09,fff9869c75ed8a444f900cd88b0af23e22eeaa0c,926
2021-09-14,45221e2ef335b348e8c459f584b8861faff04a07,928
2021-09-15,7fb91acefd43de149c65a46f93565e17da6f41d2,924
2021-09-16,de36d6cb4cc5dbe706127125fea233317128ae35,924
2021-09-17,420035f2c86d661821c42b017c2e25e489b5caaf,928
2021-09-18,16ed51c9fe2a483c172f383d4e19474c3f5e07e3,929
2021-09-21,318249f636233d3470a0b6645cc45f87612d226a,930
2021-09-22,a24f238a7feb464ecd460d6f5ea3e0cd2535775d,929
2021-09-23,129532466290d6ff64a05fafc57768f800867ad3,931
2021-09-25,31d2f2448cb8a8fff57bb3a0c856557139dc6a8f,930
2021-09-26,8d4b627c659120f891eea13df26133c2ea371c03,930
2021-09-27,0c5ec7ed7f35e1dd6f9fac9be6d395edc34f387f,930
2021-09-28,65eeb8da6d734f388280baf55a80e3d4dd0f91f1,931
2021-09-29,544af46e19abcaafcbef879cdc16506143c3ce94,931
2021-09-30,0b71d7a4ec21e9819ff9979de69a06655363bcf7,932
2021-10-01,78809b4235f17417bbb2e4f48506d31468c18b44,916
2021-10-02,efb81a83747cc13c488e42a51658569ee66f4f9f,921
2021-10-05,33392797745e47d9669a2169598e0e7289737311,923
2021-10-06,a4c7cb99d2218c2dbae1116712685eb61dac1300,923
2021-10-07,96e16e9bee803ffca8c7de5a2932fb08fbd6e8df,924
2021-10-09,7b5becfc1c8920f28233d89112070c3eb58999df,925
2021-10-11,20263435c02ab69829135d899205e2cf0a254121,924
2021-10-12,941feb1563cabbb675b5b82040e7bf0a9be39f1b,925
2021-10-13,c99dce1755353cc4e94764cd142176ade2b12ca8,923
2021-11-30,aa7fa031edf924d968596373c29e47cc8e249f5b,936
2021-12-01,74bd7dbf44ca1cfc43178f0ac2c7d9c0749fbeea,932
2021-12-02,fe72af98809e1298e59aede8f58154802782efc9,933
2021-12-03,74740287249468c98b7c03d29b9861f4a14add03,935
2021-12-04,021bee02eea2882cf22a0f75bd089ac8915d8e22,934
2021-12-06,5e7899842ecfe760f3ec252b70970331264037b8,933
2021-12-07,cd86974dfb16cb01345170415220f9977523221a,934
2021-12-08,16ad5426b3a638628d5c6ceddadb9f00d61f5f60,933
2021-12-09,f66a63c2c4f6b35ce4661c8033756b1f4714e653,932
2021-12-10,8e57ce7627cf66c7c5e70d4cc8ecfb1b44c4b203,933
2021-12-14,56c359eddfc01adc76b6756c926e22d2bf25b501,937
2021-12-15,53cbcb34d3b6947952992b9fdb51d114476cbe2a,936
2021-12-16,1d9ca8069064f6e1b9b9334223d65849423b3c0f,937
2021-12-17,e1664135e2fa7ceab574deea58aeb27f35861a8e,938
2021-12-18,7e6980b2a84bf163e08dc95c4b484fb33b617dbb,935
2022-01-01,157d806a0434dcab379455bba628b2e6d1a18b9f,929
2022-01-02,d68320c3637a17a8e3975244902f6ce2c34076fb,929
2022-06-24,a5c3954a6268b4ebdb6da1767f18043872ce12eb,917
2022-06-25,191b35fdca7a8850d8c40ef6e2444ed0853a3959,916
2022-06-30,b5e4f274db4ff9667e86cb2c7af2425a32902608,918
2022-07-01,582eae78f54fd599eee6ee82fd8ba4f65e718f6b,910
2022-07-02,36f3fac8913dbd90949e0f1ad91d825d39f08dc8,911
2022-07-03,4559fe36fd290b31b2bd00ed83a62a38d997ab33,912
2022-07-05,9bc9864029de66908c327ab0cbce56aaeaec3cbb,914
2022-07-06,ac2d330230fea484eb4ac876e369541d8b7e260b,915
2022-07-07,3626dad2a2f53436adb54ecbc7e1b6997714d965,917
2022-07-08,8e740d32b37f0cdb0977f99760c0ac8a6cf95cc7,917
2022-07-10,a713cbc829d0a324f49d8d40610b9fdb274cd7f8,917
2022-07-12,d6230b5bdff29603aad653c732aa053960a47c80,916
2022-07-13,8d4b99aabe22dd7ec174f5e4fa0f0666bbddf1a9,918
2022-07-14,84729f5bf35099d63c989369ccee9d63988da689,918
2022-07-15,5d1845d3c34db14d175d26a4ec50e94c9e124452,919
2022-07-19,456603a0ff7d7f868b8e8a76e299d8b652a72ce6,914
2022-07-20,423389ff1a6186b0eab68e2a00e974c15181d6ac,916
2022-07-21,6001e59c7b91da95aa01146420079384ca8211a4,916
2022-07-22,d580846564b262e2505c5d240a5bd91788e94180,917
2022-07-23,1fa98763c5d1312f5af7199a7936b99097117ce4,915
2022-07-26,9b613836c0dbbe6125b3298648c7731f42594748,916
2022-07-27,3948d42556dfb41242d64b5c05d76cb66ddba998,915
2022-07-29,aa0d47219af7d86d78e80517195cc86e4c7f9ec1,914
2022-07-30,6575ed5a0515e6bdc6b9c4e332805c623991723c,913
2022-07-31,65e21c55ada90a5ce81126e33018224ddcab8b93,914
2022-08-01,355b24cff4a20edb7e0bbe271291877fee7b9cf9,900
2022-08-02,b6b946a5d9018f4dd18255e6154ff0f529bea62d,906
2022-08-06,eaa092338a7326650dfbd1ec68ff049e3997d11c,908
2022-08-10,18e39eb1ed28cb466005f58e13fb5af024da26a9,909
2022-08-11,98475ef993132c8e6c890924a3c1456dc6b62774,908
2022-08-12,6b4fed240c67f8c9901a8207e317f0bae612e7eb,906
2022-08-13,a97ed647a406f70b7541bb258146c1398039af35,905
2022-08-16,d5c1e397cc5b4706a5ca6a0d69163bf4b51b57b7,904
2022-08-17,97a99f0063aa40bcd159a125ed77b6a77aab044e,906
2022-08-18,c399ca4be2914fd9ae822f2254fbb227784471cf,905
2022-08-19,4d0f1afca77a9e6fa69fece1cc3ae42e1466b4c0,904
2022-08-21,bb234f02b5ab046d20b5039c3f4514a1bfa1e3e7,903
2022-08-22,b721ff424bd15b546961b85f89f448506618ed83,901
2022-08-24,21226fa5b9ed6966ec36c798c3d05d57fe386824,903
2022-08-25,e1603a58450a52eb7caa42c36529e02395bf3efb,904
2022-08-26,936da9a764fb57e77d777879533c19c49858f8fc,905
